RM2_rnd-1_family-208_s_0#DNA	1070
RM2_rnd-1_family-324#DNA	1155
RM2_rnd-3_family-297_s_2_s_2#DNA	1343
RM2_rnd-5_family-2842#DNA	1291
RM2_rnd-1_family-4#LINE	3267
RM2_rnd-1_family-62_s_1_s_1_s_1#LINE/L2	4983
RM2_rnd-1_family-62_s_2_s_1_s_2#LINE/L2	4013
RM2_rnd-1_family-96#LINE/L2	5247
RM2_rnd-1_family-77_s_1_s_1#LINE/L2	5044
RM2_rnd-1_family-77_s_1_s_0#LINE/L2	2934
RM2_rnd-1_family-77_s_3#LINE/L2	4737
RM2_rnd-1_family-22#LINE	3287
RM2_rnd-1_family-34#LINE/L2	1724
RM2_rnd-1_family-7#LINE/L2	4513
RM2_rnd-1_family-32_s_1#LINE/L2	4437
RM2_rnd-1_family-32_s_2_s_1_s_1#LINE/L2	2686
RM2_rnd-1_family-32_s_2_s_1_s_2#LINE/L2	5273
RM2_rnd-1_family-137_s_1#DNA/MITE	3133
RM2_rnd-1_family-162_s_1_s_1_s_2#LINE/L2	5045
RM2_rnd-1_family-162_s_2_s_1_s_1#LINE/L2	2769
RM2_rnd-1_family-162_s_2_s_1_s_2#LINE/L2	4718
RM2_rnd-1_family-154_s_1#DNA/MITE	2679
RM2_rnd-1_family-189#LTR	6504
RM2_rnd-1_family-194_s_2_s_2#LINE/L2	5097
RM2_rnd-1_family-194_s_2_s_3#LINE/L2	5199
RM2_rnd-1_family-194_s_3_s_1#LINE/L2	5238
RM2_rnd-1_family-213#LINE/I	5573
RM2_rnd-1_family-228#DNA	1619
RM2_rnd-1_family-226#LINE/I	5514
RM2_rnd-1_family-243_s_2_s_1#LINE	6758
RM2_rnd-1_family-249#LINE	965
RM2_rnd-1_family-264#LINE/L2	3954
RM2_rnd-1_family-266#LINE	5990
RM2_rnd-1_family-269#DNA	1320
RM2_rnd-1_family-286#DNA	1295
RM2_rnd-1_family-311#LINE/L2	1975
RM2_rnd-1_family-313#DNA/MITE	1011
RM2_rnd-1_family-331#RC/Helitron	1647
RM2_rnd-1_family-321_s_1_s_1_s_2#LINE/L2	3745
RM2_rnd-1_family-321_s_2#LINE/L2	4821
RM2_rnd-1_family-359_s_2#LINE	5296
RM2_rnd-1_family-382#DNA	1620
RM2_rnd-1_family-388#RC/Helitron	2998
RM2_rnd-1_family-403_s_1_s_1#LINE/L2	4881
RM2_rnd-1_family-403_s_2_s_2#LINE/L2	4823
RM2_rnd-1_family-412_s_1_s_3#LINE/L2	5063
RM2_rnd-1_family-412_s_1_s_0#LINE/L2	5044
RM2_rnd-1_family-414#LTR/Gypsy	4969
RM2_rnd-1_family-430_s_0_s_2#LINE/L2	1500
RM2_rnd-1_family-430_s_0_s_4#LINE/L2	4095
RM2_rnd-1_family-446_s_1_s_1#LINE/L2	4612
RM2_rnd-1_family-449#LINE/L2	3474
RM2_rnd-1_family-450#LINE/L2	3141
RM2_rnd-1_family-495_s_2#LINE/L2	4853
RM2_rnd-1_family-512#LINE	2861
RM2_rnd-1_family-540#LINE/CR1	5258
RM2_rnd-3_family-51#LINE	671
RM2_rnd-3_family-79#LINE/L2	4604
RM2_rnd-3_family-1079#LINE/L2	3174
RM2_rnd-3_family-1357#DNA/MITE	2488
RM2_rnd-3_family-617#RC/Helitron	1366
RM2_rnd-3_family-880#DNA	1581
RM2_rnd-4_family-499#RC/Helitron	3355
RM2_rnd-4_family-158_s_2_s_2#LINE/L2	5195
RM2_rnd-4_family-821#DNA	1541
RM2_rnd-4_family-182#LINE/L2	1974
RM2_rnd-4_family-1812#LINE/CR1	2363
RM2_rnd-4_family-492#LINE	4574
RM2_rnd-4_family-1955#SINE	1361
RM2_rnd-4_family-1051#LINE/CR1	3159
RM2_rnd-4_family-760#LINE/R1	2180
RM2_rnd-4_family-1710#DNA/MITE	3177
RM2_rnd-4_family-516#DNA/MITE	1118
RM2_rnd-4_family-25#DNA/MITE	2135
RM2_rnd-4_family-73_s_1#LINE	4736
RM2_rnd-4_family-73_s_2#LINE	1616
RM2_rnd-4_family-76#LTR/Gypsy	4497
RM2_rnd-4_family-355#LINE/CR1	2443
RM2_rnd-4_family-453#LINE/L2	2208
RM2_rnd-4_family-904#LINE/CR1	5150
RM2_rnd-4_family-535#LINE/L2	2800
RM2_rnd-4_family-1062#DNA	2494
RM2_rnd-4_family-1493#LINE/CR1	4512
RM2_rnd-4_family-5313#LINE/CR1	2520
RM2_rnd-4_family-2545#LINE/L2	2265
RM2_rnd-4_family-54#LINE/L2	3998
RM2_rnd-4_family-1607#LINE	3399
RM2_rnd-4_family-855#LINE/L2	1353
RM2_rnd-4_family-428#LTR/Gypsy	4802
RM2_rnd-4_family-3299#LINE/CR1	1737
RM2_rnd-4_family-4120#LINE/L2	2192
RM2_rnd-4_family-2891#LINE/CR1	3754
RM2_rnd-4_family-3849#LINE/L2	1636
RM2_rnd-4_family-1169#LINE/L2	3113
RM2_rnd-4_family-1889#LINE/CR1	4621
RM2_rnd-4_family-1928#LINE/L2	3633
RM2_rnd-4_family-2841#LTR	6515
RM2_rnd-4_family-435#LTR/Gypsy	7359
RM2_rnd-4_family-714#LTR	6259
RM2_rnd-4_family-1205#LINE/CR1	4453
RM2_rnd-4_family-2221#LINE/CR1	4590
RM2_rnd-4_family-939#LTR	6535
RM2_rnd-4_family-1383#LINE/CR1	3329
RM2_rnd-4_family-2131#LINE/L2	2527
RM2_rnd-4_family-403#LINE/L2	4396
RM2_rnd-4_family-795#LINE	14252
RM2_rnd-4_family-124#DNA	1298
RM2_rnd-4_family-2426#LINE/CR1	3547
RM2_rnd-4_family-29#LTR/Copia	5412
RM2_rnd-4_family-293#LINE/CR1	4507
RM2_rnd-4_family-7618#DNA/MITE	1045
RM2_rnd-4_family-1969#LTR	6861
RM2_rnd-4_family-988#LINE	2697
RM2_rnd-4_family-1028#LINE	3791
RM2_rnd-4_family-184#LINE/L2	2450
RM2_rnd-4_family-2748#LINE/L2	3221
RM2_rnd-4_family-3448#DNA/MITE	675
RM2_rnd-4_family-1647#LINE/L2	1890
RM2_rnd-4_family-2444#LINE/L2	1563
RM2_rnd-4_family-2512#LINE/R1	6170
RM2_rnd-4_family-2753#LINE/CR1	1620
RM2_rnd-4_family-6638#LINE/L2	3634
RM2_rnd-5_family-2318#LTR/Gypsy	3898
RM2_rnd-5_family-516#LINE/L2	1673
RM2_rnd-5_family-1267#LINE/CR1	3937
RM2_rnd-5_family-519#LINE/L2	2570
RM2_rnd-5_family-11196#LINE/R1	5555
RM2_rnd-5_family-1139#LINE/L2	4240
RM2_rnd-5_family-959#DNA/MITE	8882
RM2_rnd-5_family-1795_s_2_s_0#LINE/L2	1614
RM2_rnd-5_family-5827#LINE/L2	4386
RM2_rnd-5_family-628#LINE/CR1	3456
RM2_rnd-5_family-3277#LINE	1082
RM2_rnd-5_family-4394_s_1_s_2_s_1#LINE/L2	4043
RM2_rnd-5_family-7073#DNA/MITE	1641
RM2_rnd-5_family-13681#LINE/CR1	1183
RM2_rnd-5_family-865#LINE/CR1	2934
RM2_rnd-5_family-2081#LINE/CR1	1699
RM2_rnd-5_family-2211#LINE/CR1	5235
RM2_rnd-5_family-2526#LINE/CR1	13466
RM2_rnd-5_family-10530#LINE/L2	1822
RM2_rnd-5_family-14410#LINE/L2	3968
RM2_rnd-5_family-7490#LINE/L2	1317
RM2_rnd-5_family-2390#DNA	1288
RM2_rnd-5_family-3948#LINE	4462
RM2_rnd-5_family-4631#LINE	4123
RM2_rnd-5_family-2465#LINE/CR1	1623
RM2_rnd-5_family-6627#LINE/CR1	8993
RM2_rnd-5_family-1089#LINE/CR1	3806
RM2_rnd-5_family-1729#LINE/L2	3328
RM2_rnd-5_family-17891#LINE/L2	1639
RM2_rnd-5_family-668#LTR	3930
RM2_rnd-5_family-7788#LINE/L2	5454
RM2_rnd-5_family-10051#LINE/CR1	2295
RM2_rnd-5_family-3249#LINE/L2	4131
RM2_rnd-5_family-3692#LTR/Gypsy	4834
RM2_rnd-5_family-12029#SINE	929
RM2_rnd-5_family-3031#LINE	2565
RM2_rnd-5_family-2304#LINE/L2	5390
RM2_rnd-5_family-789#LINE/I	5111
RM2_rnd-5_family-1115#LINE	14392
RM2_rnd-5_family-117#LTR/Gypsy	5918
RM2_rnd-5_family-2916_s_1#LINE/L2	2916
RM2_rnd-5_family-4939#DIRS/DIRS	4437
RM2_rnd-5_family-1196#LTR/Gypsy	7132
RM2_rnd-5_family-1409#LINE/L2	4190
RM2_rnd-5_family-292#LTR	6324
RM2_rnd-5_family-5582#LINE/L2	2958
RM2_rnd-5_family-2958#LINE	3754
RM2_rnd-5_family-607#LINE/R1	6903
RM2_rnd-5_family-7081#LINE/L2	3626
RM2_rnd-5_family-7458#LTR	5329
RM2_rnd-5_family-8266#LINE/L2	1350
RM2_rnd-5_family-12190#LINE/L2	3032
RM2_rnd-5_family-2266#LINE	3046
RM2_rnd-5_family-8970#DNA/MITE	2360
RM2_rnd-5_family-9120#LINE/L2	1902
RM2_rnd-5_family-15478#LTR/Gypsy	5230
RM2_rnd-5_family-2437#LINE/CR1	3689
RM2_rnd-5_family-3337#LINE/CR1	2947
RM2_rnd-5_family-4727#LINE/R1	2451
RM2_rnd-5_family-5941#LINE/CR1	3062
RM2_rnd-5_family-7767#LINE	4174
RM2_rnd-5_family-1285#LTR/Gypsy	8498
RM2_rnd-5_family-13271#LINE/L2	4312
RM2_rnd-5_family-19913#LTR/Gypsy	5247
RM2_rnd-5_family-3099#LINE/CR1	4773
RM2_rnd-5_family-7245#DIRS/DIRS	5216
RM2_rnd-5_family-8424#LTR	6730
RM2_rnd-5_family-8742#LINE/L2	3492
RM2_rnd-5_family-10281#LINE/L2	1725
RM2_rnd-5_family-1405#DNA/MITE	636
RM2_rnd-5_family-14436#LINE/L2	3478
RM2_rnd-5_family-2833#LINE/L2	2711
RM2_rnd-5_family-3256#LINE/L2	2225
RM2_rnd-5_family-6880#LINE/L2	3721
RM2_rnd-5_family-119#LTR/Gypsy	5435
RM2_rnd-5_family-152#LINE/L2	3459
RM2_rnd-5_family-1815#LINE/L2	5046
RM2_rnd-5_family-2360#LINE/L2	4533
RM2_rnd-5_family-3847#LINE/L2	1947
RM2_rnd-5_family-5476#LTR/Gypsy	5066
RM2_rnd-5_family-792#LINE/L2	3595
RM2_rnd-5_family-8033#LINE/L2	5262
RM2_rnd-5_family-2041#LINE/CR1	4804
RM2_rnd-5_family-2165#DNA/MITE	1323
RM2_rnd-5_family-2282#DIRS/DIRS	4991
RM2_rnd-5_family-4250#LINE	2100
RM2_rnd-5_family-4395_s_1_s_2_s_1#LINE/L2	5914
RM2_rnd-5_family-6862#LINE	3860
RM2_rnd-5_family-7910#DNA/MITE	1311
RM2_rnd-5_family-8446#LINE/L2	3025
EDTA_TE_00000039_LTR#LTR/Gypsy	5717
EDTA_TE_00000060_INT#LTR/Gypsy	4303
EDTA_TE_00000062#DNA/MITE	960
EDTA_TE_00000086_LTR_s_1#LTR/Gypsy	6577
EDTA_TE_00000097_INT#LTR/Gypsy	6140
EDTA_TE_00000109#DNA/MITE	2590
EDTA_TE_00000118_LTR_s_1#LTR/Gypsy	4807
EDTA_TE_00000120_LTR_s_1#LTR/Gypsy	4678
EDTA_TE_00000126_INT#LTR/Gypsy	8782
EDTA_TE_00000138#RC/Helitron	1042
EDTA_TE_00000140_INT#LTR	5165
EDTA_TE_00000145_INT#LTR	5908
EDTA_TE_00000147_LTR_s_1#LTR/Gypsy	6219
EDTA_TE_00000158_INT#LTR/Gypsy	6762
EDTA_TE_00000165#DNA/MITE	3063
EDTA_TE_00000190#DNA	2895
EDTA_TE_00000194_INT#LTR/Gypsy	8586
EDTA_TE_00000204_INT#LTR/Copia	4466
EDTA_TE_00000215_LTR_s_1#LTR/Gypsy	6182
EDTA_TE_00000224#DNA	2778
EDTA_TE_00000239#DNA/MITE	115
EDTA_TE_00000259_INT#LTR/Gypsy	8412
EDTA_TE_00000271#DNA/MITE	589
EDTA_TE_00000285#DNA/MITE	5152
EDTA_TE_00000315_LTR_s_1#LTR/Gypsy	5063
EDTA_TE_00000318_LTR_s_2#LTR/Gypsy	6067
EDTA_TE_00000336_INT#LTR/Gypsy	6480
EDTA_TE_00000348_INT#LTR/Gypsy	4646
EDTA_TE_00000354_INT#LTR/Gypsy	4865
EDTA_TE_00000398#DNA/MITE	305
EDTA_TE_00000406_LTR_s_1#LTR/Gypsy	6202
EDTA_TE_00000413#DNA/MITE	439
EDTA_TE_00000492_INT#LTR/Copia	4299
EDTA_TE_00000497_INT#LTR/Gypsy	6285
EDTA_TE_00000509#DNA/MITE	301
EDTA_TE_00000518_INT#LTR/Gypsy	4641
EDTA_TE_00000562#DNA	3289
EDTA_TE_00000564_INT#LTR/Gypsy	4172
EDTA_TE_00000582#DNA	2647
EDTA_TE_00000602#DNA/MITE	17455
EDTA_TE_00000604_LTR_s_1#LTR/Gypsy	6839
EDTA_TE_00000605_INT#LTR/Gypsy	8297
EDTA_TE_00000615#DNA	2160
EDTA_TE_00000629#DNA/MITE	320
EDTA_TE_00000638_LTR_s_1#LTR/Gypsy	5008
EDTA_TE_00000657#DNA/MITE	16254
EDTA_TE_00000659_LTR_s_2#LTR/Gypsy	6016
EDTA_TE_00000667_INT#LTR/Gypsy	6776
EDTA_TE_00000669_s_1#DNA/MITE	308
EDTA_TE_00000669_s_2#DNA/MITE	279
EDTA_TE_00000673_LTR_s_1#LTR/Gypsy	5035
EDTA_TE_00000699#DNA/MITE	134
EDTA_TE_00000702_INT#LTR/Gypsy	4516
EDTA_TE_00000715_INT#LTR/Gypsy	6524
EDTA_TE_00000723_LTR_s_1#LTR/Gypsy	4447
EDTA_TE_00000748_INT#LTR/Gypsy	939
EDTA_TE_00000756_LTR_s_1#LTR/Gypsy	4302
EDTA_TE_00000764_INT#LTR/Gypsy	6419
EDTA_TE_00000781_INT#LTR/Gypsy	4638
EDTA_TE_00000789#DNA/MITE	461
EDTA_TE_00000791_INT#LTR/Gypsy	6394
EDTA_TE_00000808_LTR_s_1#LTR	4588
EDTA_TE_00000818#DNA/MITE	5497
EDTA_TE_00000829#DNA/MITE	4497
EDTA_TE_00000830_LTR_s_2#LTR/Gypsy	5029
EDTA_TE_00000842_LTR_s_1#LTR/Gypsy	6941
EDTA_TE_00000848_LTR_s_1#LTR/Gypsy	5161
EDTA_TE_00000864_INT#LTR/Gypsy	6779
EDTA_TE_00000874_INT#LTR/Gypsy	3910
EDTA_TE_00000880_INT#LTR/Gypsy	6586
EDTA_TE_00000887_LTR_s_1#LTR/Gypsy	6942
EDTA_TE_00000901_INT#LTR/Gypsy	5128
EDTA_TE_00000902_INT#LTR/Gypsy	4270
EDTA_TE_00000911_INT#LTR/LARD	3301
EDTA_TE_00000918#DNA/MITE	231
EDTA_TE_00000927_INT#LTR/Gypsy	3020
EDTA_TE_00000932#DNA/MITE	697
EDTA_TE_00000934#DNA/MITE	533
EDTA_TE_00000971_INT#LTR/Gypsy	6715
EDTA_TE_00000974#DNA/MITE	131
EDTA_TE_00000975_INT#LTR/Gypsy	6211
EDTA_TE_00000979#RC/Helitron	3380
EDTA_TE_00001012_INT#LTR/Gypsy	5737
EDTA_TE_00001020#DNA	1511
EDTA_TE_00001032_LTR_s_1#LTR/LARD	7700
EDTA_TE_00001052_LTR_s_2#LTR	6342
EDTA_TE_00001056#DNA	1825
EDTA_TE_00001065_INT#LTR/Gypsy	4538
EDTA_TE_00001066_INT#LTR/Gypsy	4975
EDTA_TE_00001067#DNA/MITE	1543
EDTA_TE_00001078#DNA/MITE	1875
EDTA_TE_00001084#DNA/MITE	364
EDTA_TE_00001093_INT#LTR/Gypsy	6796
EDTA_TE_00001113_INT#LTR/Gypsy	5058
EDTA_TE_00001127_LTR_s_2#LTR/Gypsy	6682
EDTA_TE_00001136_LTR_s_1#LTR/TRIM	2491
EDTA_TE_00001139#DNA/MITE	4360
EDTA_TE_00001143_INT#LTR/Gypsy	6213
EDTA_TE_00001159_INT#LTR/Gypsy	4467
EDTA_TE_00001180_INT#LTR/LARD	3367
EDTA_TE_00001195_LTR_s_1#LTR/Gypsy	7674
EDTA_TE_00001203#DNA	3348
EDTA_TE_00001216_INT#LTR/Gypsy	6087
EDTA_TE_00001220_INT#LTR/Gypsy	6691
EDTA_TE_00001226_LTR_s_2#LTR/Gypsy	6428
EDTA_TE_00001230_LTR_s_1#LTR/Gypsy	4469
EDTA_TE_00001233#DNA/MITE	96
EDTA_TE_00001256_LTR_s_2#LTR/Gypsy	6756
EDTA_TE_00001265_INT#LTR/Copia	3839
EDTA_TE_00001275_INT#LTR/Gypsy	6390
EDTA_TE_00001292_INT#LTR/Gypsy	4980
EDTA_TE_00001295_LTR_s_1#LTR	4414
EDTA_TE_00001305#DNA/MITE	359
EDTA_TE_00001312#DNA/MITE	328
EDTA_TE_00001328_INT#LTR/Gypsy	6170
EDTA_TE_00001355_INT#LTR/Gypsy	6659
EDTA_TE_00001356#DNA/MITE	260
EDTA_TE_00001374_INT#LTR/LARD	3547
EDTA_TE_00001418_INT#LTR/Gypsy	4867
EDTA_TE_00001429#DNA/MITE	532
EDTA_TE_00001430_INT#LTR/Gypsy	6883
EDTA_TE_00001431#DNA/MITE	4188
EDTA_TE_00001445_INT#LTR/Gypsy	6870
EDTA_TE_00001457_INT#LTR/Gypsy	8490
EDTA_TE_00001472#DNA/MITE	703
EDTA_TE_00001482#DNA	1757
EDTA_TE_00001493_INT#LTR/Gypsy	6887
EDTA_TE_00001564_LTR_s_2#LTR/Gypsy	6593
EDTA_TE_00001566_INT#LTR/Gypsy	4525
EDTA_TE_00001569_LTR_s_2#LTR/Gypsy	4843
EDTA_TE_00001571#DNA/MITE	1596
EDTA_TE_00001573_INT#LTR/Gypsy	5888
EDTA_TE_00001580_INT#LTR/Gypsy	6165
EDTA_TE_00001604_INT#LTR/Gypsy	6733
EDTA_TE_00001607_INT#LTR/Gypsy	8031
EDTA_TE_00001655#DNA	2755
EDTA_TE_00001673_INT#LTR/Gypsy	5004
EDTA_TE_00001706_LTR_s_1#LTR/Gypsy	6355
EDTA_TE_00001710_INT#LTR/Gypsy	6684
EDTA_TE_00001716_INT#LTR/TRIM	1792
EDTA_TE_00001730_LTR_s_1#LTR/Gypsy	6925
EDTA_TE_00001760#DNA/MITE	233
EDTA_TE_00001764_INT#LTR/Gypsy	4620
EDTA_TE_00001772_INT#LTR/Gypsy	6091
EDTA_TE_00001787#DNA	1812
EDTA_TE_00001815#DNA/MITE	203
EDTA_TE_00001821_INT#LTR/Gypsy	7523
EDTA_TE_00001837_LTR_s_1#LTR/Gypsy	6749
EDTA_TE_00001849_INT#LTR/Gypsy	4227
EDTA_TE_00001877_INT#LTR/Copia	4330
EDTA_TE_00001897#DNA/MITE	312
EDTA_TE_00001902_INT#LTR/Gypsy	4552
EDTA_TE_00001921_INT#LTR	5422
EDTA_TE_00001943#DNA/MITE	3834
EDTA_TE_00001957_INT#LTR/Gypsy	5153
EDTA_TE_00001962_LTR_s_2#LTR/Copia	4487
EDTA_TE_00001964#DNA	3916
EDTA_TE_00002016_INT#LTR/Gypsy	8847
EDTA_TE_00002025_INT#LTR/Gypsy	6064
EDTA_TE_00002026#DNA/MITE	303
EDTA_TE_00002038_LTR_s_2#LTR/Copia	4353
EDTA_TE_00002043_INT#LTR/Gypsy	6541
EDTA_TE_00002087_LTR_s_2#LTR/LARD	2560
EDTA_TE_00002096#DNA	3308
EDTA_TE_00002097_INT#LTR/Gypsy	4868
EDTA_TE_00002099#DNA/MITE	459
EDTA_TE_00002103#DNA	2913
EDTA_TE_00002146_INT#LTR/Copia	4711
EDTA_TE_00002152_INT#LTR/Copia	4849
EDTA_TE_00002176_LTR_s_1#LTR/Gypsy	6276
EDTA_TE_00002178_LTR_s_1#LTR/Gypsy	4565
EDTA_TE_00002188_LTR_s_2#LTR/Gypsy	7979
EDTA_TE_00002191_LTR_s_1_s_1#LTR/LARD	4155
EDTA_TE_00002220_INT#LTR/Gypsy	6686
EDTA_TE_00002237_INT#LTR/Copia	7535
EDTA_TE_00002238_INT#LTR/Gypsy	6820
EDTA_TE_00002278#DNA/MITE	448
EDTA_TE_00002284_INT#LTR/Copia	4500
EDTA_TE_00002292_INT#LTR/Gypsy	5193
EDTA_TE_00002300#DNA/MITE	371
EDTA_TE_00002337#DNA/MITE	309
EDTA_TE_00002345#DNA/MITE	178
EDTA_TE_00002349_INT#LTR/Gypsy	5666
EDTA_TE_00002354#DNA/MITE	8777
EDTA_TE_00002361#DNA	4136
EDTA_TE_00002372_INT#LTR/Gypsy	6211
EDTA_TE_00002373_LTR_s_1#LTR/Copia	4420
EDTA_TE_00002375_LTR_s_1#LTR/Gypsy	6686
EDTA_TE_00002391_LTR_s_1#LTR/Gypsy	6630
EDTA_TE_00002417#DNA/MITE	2217
EDTA_TE_00002477_INT#LTR/Gypsy	6015
EDTA_TE_00002601#DNA/MITE	273
EDTA_TE_00002613_INT#LTR/Gypsy	6380
EDTA_TE_00002619#DNA	1569
EDTA_TE_00002678#DNA/MITE	419
EDTA_TE_00002733_INT#LTR/Gypsy	4895
RM2_rnd-1_family-77_s_1_s_2_inc#LINE/L2	5294
RM2_rnd-1_family-133_inc#LINE/L2	5429
RM2_rnd-1_family-135_inc#LINE/CR1	4952
RM2_rnd-1_family-183_inc#LINE/L2	4558
RM2_rnd-1_family-251_inc#DNA	3211
RM2_rnd-1_family-258_inc#DNA	1222
RM2_rnd-1_family-267_inc#LINE/CR1	4631
RM2_rnd-1_family-275_inc#DNA	1312
RM2_rnd-1_family-310_inc#DNA	5226
RM2_rnd-1_family-325_inc#DNA	53
RM2_rnd-1_family-321_s_1_s_2_s_1_inc#LINE/L2	4927
RM2_rnd-1_family-357_s_1_inc#LINE/R1	6082
RM2_rnd-1_family-364_s_2_inc#RC/Helitron	4317
RM2_rnd-1_family-371_s_3_inc#RC/Helitron	2096
RM2_rnd-1_family-371_s_0_inc#RC/Helitron	759
RM2_rnd-1_family-428_s_2_s_0_inc#LINE/L2	2611
RM2_rnd-1_family-500_inc#DNA	972
RM2_rnd-1_family-529_inc#LINE	3094
RM2_rnd-3_family-675_inc#RC/Helitron	922
RM2_rnd-3_family-288_inc#DNA	619
RM2_rnd-3_family-384_inc#RC/Helitron	1627
RM2_rnd-3_family-503_inc#DNA	1254
RM2_rnd-3_family-159_inc#LINE/R1	2993
RM2_rnd-3_family-1857_inc#LINE/L2	6790
RM2_rnd-3_family-683_inc#DNA	1685
RM2_rnd-4_family-625_s_1_inc#LINE/R1	6218
RM2_rnd-4_family-249_s_1_inc#LINE	5562
RM2_rnd-4_family-128_inc#DNA	1158
RM2_rnd-4_family-1773_inc#DNA	387
RM2_rnd-4_family-572_inc#LINE/L2	662
RM2_rnd-4_family-2482_inc#LTR/Gypsy	5245
RM2_rnd-4_family-1944_inc#DNA	1313
RM2_rnd-4_family-506_inc#LINE/L2	1320
RM2_rnd-4_family-5358_inc#LINE	981
RM2_rnd-4_family-2176_inc#DNA	1428
RM2_rnd-4_family-529_inc#DNA	1045
RM2_rnd-4_family-1976_inc#DNA	583
RM2_rnd-4_family-1229_inc#DNA	4782
RM2_rnd-4_family-2158_inc#LINE/CR1	946
RM2_rnd-4_family-1495_inc#DNA	10077
RM2_rnd-4_family-829_inc#LINE/L2	366
RM2_rnd-4_family-3447_inc#LINE/L2	1465
RM2_rnd-4_family-4149_inc#LINE/CR1	3064
RM2_rnd-4_family-281_inc#LINE/L2	1089
RM2_rnd-4_family-862_inc#DNA	1360
RM2_rnd-4_family-246_inc#LTR/Gypsy	4042
RM2_rnd-4_family-2162_inc#LINE/CR1	882
RM2_rnd-4_family-801_inc#DNA	67
RM2_rnd-4_family-722_inc#LTR/Gypsy	4305
RM2_rnd-4_family-869_inc#DNA	788
RM2_rnd-4_family-5537_inc#DNA	1382
RM2_rnd-4_family-6007_inc#LINE/CR1	1105
RM2_rnd-4_family-1252_inc#DNA	634
RM2_rnd-4_family-2226_inc#LINE/L2	3772
RM2_rnd-4_family-4536_inc#LINE	381
RM2_rnd-4_family-4689_inc#DNA	556
RM2_rnd-4_family-649_inc#DNA	3673
RM2_rnd-4_family-2832_inc#LINE	2814
RM2_rnd-4_family-815_inc#LINE/CR1	4164
RM2_rnd-5_family-314_inc#DNA	648
RM2_rnd-5_family-571_inc#DNA	1128
RM2_rnd-5_family-6227_inc#DNA/P	1225
RM2_rnd-5_family-2708_inc#DNA	625
RM2_rnd-5_family-4734_inc#DNA	3070
RM2_rnd-5_family-1184_inc#DNA	968
RM2_rnd-5_family-2161_inc#DNA	679
RM2_rnd-5_family-57_inc#LINE/L2	1993
RM2_rnd-5_family-12823_inc#LINE/CR1	970
RM2_rnd-5_family-15970_inc#LINE/CR1	1068
RM2_rnd-5_family-3074_inc#LINE/L2	458
RM2_rnd-5_family-1593_inc#LINE/L2	1064
RM2_rnd-5_family-1157_inc#LINE/L2	741
RM2_rnd-5_family-2111_inc#LINE/CR1	449
RM2_rnd-5_family-2908_inc#DNA	635
RM2_rnd-5_family-6769_inc#DNA/PIF-Harbinger	3268
RM2_rnd-5_family-9358_inc#DNA	550
RM2_rnd-5_family-13631_inc#LINE/L2	1079
RM2_rnd-5_family-172_inc#DIRS/DIRS	4956
RM2_rnd-5_family-1965_inc#LINE	575
RM2_rnd-5_family-844_inc#DNA	1021
RM2_rnd-5_family-4003_inc#DNA	2552
RM2_rnd-5_family-12402_inc#DNA/PIF-Harbinger	3152
RM2_rnd-5_family-4302_inc#LINE/L2	2773
RM2_rnd-5_family-9886_inc#RC/Helitron	241
RM2_rnd-5_family-1871_inc#LINE/CR1	815
RM2_rnd-5_family-3696_inc#LINE/L2	815
RM2_rnd-5_family-281_inc#DNA	1187
RM2_rnd-5_family-3219_inc#DNA	532
RM2_rnd-5_family-4157_inc#LINE/L2	780
RM2_rnd-5_family-7049_inc#LINE/CR1	1138
RM2_rnd-5_family-110_inc#LINE/L2	975
RM2_rnd-5_family-12788_inc#LINE/CR1	1083
RM2_rnd-5_family-5791_inc#LINE/CR1	744
RM2_rnd-5_family-8034_inc#DNA	82
RM2_rnd-5_family-10155_inc#LINE	83
RM2_rnd-5_family-3694_inc#LINE	577
RM2_rnd-5_family-11651_inc#LINE/L2	545
RM2_rnd-5_family-17946_inc#LTR	4840
RM2_rnd-5_family-2614_inc#LINE/CR1	1144
RM2_rnd-5_family-334_inc#LINE	336
RM2_rnd-5_family-4108_inc#LINE	3957
RM2_rnd-5_family-5419_inc#LINE/L2	1144
RM2_rnd-5_family-6137_inc#DNA	1051
RM2_rnd-5_family-6249_inc#RC/Helitron	524
RM2_rnd-5_family-6721_inc#LINE/L2	4911
RM2_rnd-5_family-7638_inc#DNA	1046
RM2_rnd-5_family-11754_inc#LINE/L2	5159
RM2_rnd-5_family-1777_inc#LINE/CR1	1049
RM2_rnd-5_family-487_inc#DNA	774
RM2_rnd-5_family-914_inc#LINE/L2	204
RM2_rnd-5_family-145_inc#DNA	564
RM2_rnd-5_family-4521_inc#DNA	1360
RM2_rnd-5_family-1695_inc#DNA	1066
RM2_rnd-5_family-2462_inc#LTR	4362
RM2_rnd-5_family-933_inc#LINE/CR1	836
RM2_rnd-5_family-10884_inc#LINE/L2	1080
RM2_rnd-5_family-1788_inc#LTR/Gypsy	2390
RM2_rnd-5_family-3710_inc#DNA	1078
RM2_rnd-5_family-4893_inc#LINE/CR1	1204
RM2_rnd-5_family-4914_inc#DNA	7014
RM2_rnd-5_family-5333_inc#DNA	854
RM2_rnd-5_family-5417_inc#LTR/Gypsy	3227
RM2_rnd-5_family-56_inc#DNA	900
RM2_rnd-5_family-663_inc#LINE/L2	2388
RM2_rnd-5_family-9739_inc#DNA	1314
RM2_rnd-5_family-1124_inc#DNA	5975
RM2_rnd-5_family-3619_inc#RC/Helitron	3699
RM2_rnd-5_family-3793_inc#LINE/CR1	1652
RM2_rnd-5_family-6230_inc#DNA	3723
RM2_rnd-5_family-7147_inc#DNA	578
RM2_rnd-5_family-851_inc#LINE/L2	4232
RM2_rnd-5_family-118_inc#LTR/Gypsy	4236
RM2_rnd-5_family-2137_inc#DNA	599
RM2_rnd-5_family-304_inc#LINE/CR1	329
RM2_rnd-5_family-4875_inc#LINE	483
RM2_rnd-5_family-9385_inc#DNA	778
RM2_rnd-5_family-10025_inc#DNA	654
RM2_rnd-5_family-16072_inc#LINE/CR1	888
RM2_rnd-5_family-1632_inc#DNA	911
RM2_rnd-5_family-19998_inc#RC/Helitron	787
RM2_rnd-5_family-23_inc#LINE	4269
RM2_rnd-5_family-3244_inc#RC/Helitron	474
RM2_rnd-5_family-4583_inc#LINE/CR1	551
RM2_rnd-5_family-932_inc#LINE/L2	6279
RM2_rnd-5_family-15414_inc#DNA	742
RM2_rnd-5_family-2228_inc#LINE/CR1	1109
RM2_rnd-5_family-2758_inc#LINE/L2	509
RM2_rnd-5_family-329_inc#DNA	565
RM2_rnd-5_family-4729_inc#LINE	656
RM2_rnd-5_family-10425_inc#DNA	1310
RM2_rnd-5_family-10639_inc#LINE/L2	3947
RM2_rnd-5_family-3426_inc#LINE/L2	1015
RM2_rnd-5_family-8057_inc#DNA	3677
RM2_rnd-5_family-10561_inc#DNA	5446
RM2_rnd-5_family-1166_inc#DNA/P	2202
RM2_rnd-5_family-12910_inc#LINE	1026
RM2_rnd-5_family-13048_inc#DNA	690
RM2_rnd-5_family-1549_inc#DNA	117
RM2_rnd-5_family-1680_inc#RC/Helitron	8405
RM2_rnd-5_family-4057_inc#RC/Helitron	391
RM2_rnd-5_family-6083_inc#LTR/Gypsy	2351
RM2_rnd-5_family-7356_inc#LINE	748
RM2_rnd-5_family-10409_inc#DNA/PiggyBac	1358
RM2_rnd-5_family-11461_inc#DNA	909
RM2_rnd-5_family-16741_inc#DNA	1222
RM2_rnd-5_family-18864_inc#DNA	643
RM2_rnd-5_family-25135_inc#DNA	2347
RM2_rnd-5_family-2844_inc#LINE/CR1	5124
RM2_rnd-5_family-3644_inc#LINE/R1	2231
RM2_rnd-5_family-4956_inc#LINE/CR1	620
EDTA_TE_00000002_inc#DNA	2614
EDTA_TE_00000022_inc#DNA	3302
EDTA_TE_00000025_inc#DNA	788
EDTA_TE_00000032_inc#DNA	339
EDTA_TE_00000035_inc#DNA	2495
EDTA_TE_00000040_inc#DNA	3850
EDTA_TE_00000045_inc#DNA	2922
EDTA_TE_00000047_inc#DNA/MITE	184
EDTA_TE_00000051_inc#DNA/MITE	515
EDTA_TE_00000052_inc#DNA	860
EDTA_TE_00000054_inc#DNA	2473
EDTA_TE_00000055_inc#DNA/MITE	370
EDTA_TE_00000056_inc#DNA	3027
EDTA_TE_00000057_inc#DNA/MITE	6806
EDTA_TE_00000058_LTR_inc#LTR/Gypsy	925
EDTA_TE_00000059_inc#DNA/MITE	319
EDTA_TE_00000061_LTR_inc#LTR/Gypsy	663
EDTA_TE_00000063_inc#DNA	3036
EDTA_TE_00000065_s_1_s_4_inc#DNA/MITE	1804
EDTA_TE_00000065_s_3_s_1_inc#DNA/MITE	4519
EDTA_TE_00000065_s_0_inc#DNA/MITE	1133
EDTA_TE_00000066_inc#DNA	1544
EDTA_TE_00000067_LTR_inc#LTR/Gypsy	707
EDTA_TE_00000071_LTR_s_1_inc#LTR	700
EDTA_TE_00000074_inc#DNA	788
EDTA_TE_00000079_inc#DNA	2997
EDTA_TE_00000082_s_2_inc#DNA/MITE	11289
EDTA_TE_00000082_s_0_inc#DNA/MITE	179
EDTA_TE_00000083_LTR_inc#LTR/Gypsy	6577
EDTA_TE_00000084_inc#DNA	1086
EDTA_TE_00000086_LTR_s_0_inc#LTR/Gypsy	264
EDTA_TE_00000087_inc#DNA/MITE	168
EDTA_TE_00000088_inc#DNA	5189
EDTA_TE_00000093_LTR_s_2_inc#LTR/Gypsy	4912
EDTA_TE_00000098_INT_s_1_s_1_inc#LTR/Gypsy	5422
EDTA_TE_00000098_INT_s_0_inc#LTR/Gypsy	266
EDTA_TE_00000099_inc#DNA	1154
EDTA_TE_00000100_inc#DNA	1905
EDTA_TE_00000102_inc#DNA	5649
EDTA_TE_00000103_inc#DNA/MITE	332
EDTA_TE_00000105_INT_inc#LTR	2798
EDTA_TE_00000107_inc#DNA	12631
EDTA_TE_00000116_inc#DNA	4242
EDTA_TE_00000117_inc#DNA/MITE	99
EDTA_TE_00000118_LTR_s_2_inc#LTR/Gypsy	682
EDTA_TE_00000120_LTR_s_2_inc#LTR/Gypsy	766
EDTA_TE_00000122_INT_inc#LTR/Gypsy	65
EDTA_TE_00000123_inc#DNA	3332
EDTA_TE_00000127_inc#DNA/MITE	261
EDTA_TE_00000134_inc#DNA	3721
EDTA_TE_00000136_inc#DNA	1050
EDTA_TE_00000141_inc#DNA	723
EDTA_TE_00000143_INT_inc#LTR	2499
EDTA_TE_00000146_INT_inc#LTR/Gypsy	3382
EDTA_TE_00000152_inc#DNA	4826
EDTA_TE_00000156_INT_inc#LTR/Gypsy	4675
EDTA_TE_00000157_inc#DNA	4934
EDTA_TE_00000159_inc#DNA/MITE	174
EDTA_TE_00000161_INT_inc#LTR/Gypsy	4327
EDTA_TE_00000162_INT_inc#LTR/Gypsy	5624
EDTA_TE_00000163_INT_inc#LTR	70
EDTA_TE_00000164_inc#DNA	1653
EDTA_TE_00000166_INT_inc#LTR	2619
EDTA_TE_00000167_INT_inc#LTR/Gypsy	10356
EDTA_TE_00000168_inc#DNA/MITE	85
EDTA_TE_00000169_inc#DNA/MITE	514
EDTA_TE_00000170_inc#DNA	2277
EDTA_TE_00000171_LTR_inc#LTR/Gypsy	680
EDTA_TE_00000174_INT_inc#LTR/Gypsy	5848
EDTA_TE_00000175_inc#DNA	3997
EDTA_TE_00000176_inc#DNA/MITE	376
EDTA_TE_00000177_INT_inc#LTR/Gypsy	5048
EDTA_TE_00000178_inc#DNA	4050
EDTA_TE_00000180_inc#DNA	3420
EDTA_TE_00000181_inc#DNA	2565
EDTA_TE_00000183_inc#DNA	2453
EDTA_TE_00000187_inc#DNA/MITE	130
EDTA_TE_00000188_inc#RC/Helitron	5697
EDTA_TE_00000191_inc#DNA	2240
EDTA_TE_00000192_INT_inc#LTR/Gypsy	9121
EDTA_TE_00000193_inc#DNA/MITE	546
EDTA_TE_00000195_inc#DNA/MITE	270
EDTA_TE_00000201_inc#DNA/MITE	77
EDTA_TE_00000203_LTR_inc#LTR/Gypsy	375
EDTA_TE_00000206_LTR_s_2_inc#LTR/Gypsy	491
EDTA_TE_00000207_inc#RC/Helitron	4405
EDTA_TE_00000208_inc#DNA/MITE	185
EDTA_TE_00000209_INT_inc#LTR/Gypsy	4140
EDTA_TE_00000211_inc#DNA	2207
EDTA_TE_00000212_inc#DNA/MITE	166
EDTA_TE_00000214_inc#DNA	2263
EDTA_TE_00000215_LTR_s_2_inc#LTR/Gypsy	9383
EDTA_TE_00000220_inc#DNA	1130
EDTA_TE_00000221_inc#DNA	1468
EDTA_TE_00000222_inc#DNA	8730
EDTA_TE_00000223_inc#DNA	1676
EDTA_TE_00000228_inc#DNA/MITE	215
EDTA_TE_00000229_inc#DNA/MITE	172
EDTA_TE_00000231_inc#DNA	1292
EDTA_TE_00000233_inc#DNA/MITE	221
EDTA_TE_00000237_inc#DNA	2562
EDTA_TE_00000240_inc#DNA	981
EDTA_TE_00000246_inc#DNA	2368
EDTA_TE_00000247_INT_inc#LTR	1837
EDTA_TE_00000249_inc#DNA	2403
EDTA_TE_00000252_inc#DNA/MITE	295
EDTA_TE_00000253_LTR_inc#LTR/Gypsy	738
EDTA_TE_00000254_INT_inc#LTR	1676
EDTA_TE_00000255_inc#RC/Helitron	1986
EDTA_TE_00000261_inc#DNA/MITE	12746
EDTA_TE_00000264_INT_inc#LTR/Gypsy	2710
EDTA_TE_00000265_inc#DNA	1004
EDTA_TE_00000267_inc#DNA	2546
EDTA_TE_00000269_inc#DNA	799
EDTA_TE_00000273_inc#DNA/MITE	349
EDTA_TE_00000274_inc#DNA/MITE	165
EDTA_TE_00000275_LTR_inc#LTR/Gypsy	751
EDTA_TE_00000276_inc#DNA/MITE	541
EDTA_TE_00000279_inc#DNA/MITE	533
EDTA_TE_00000280_inc#DNA/MITE	207
EDTA_TE_00000284_inc#DNA/MITE	511
EDTA_TE_00000291_inc#DNA	1930
EDTA_TE_00000292_inc#DNA/MITE	177
EDTA_TE_00000294_INT_inc#LTR/Gypsy	3748
EDTA_TE_00000295_inc#DNA/MITE	562
EDTA_TE_00000299_LTR_s_2_inc#LTR/Gypsy	784
EDTA_TE_00000300_inc#DNA	746
EDTA_TE_00000302_INT_inc#LTR/Gypsy	5722
EDTA_TE_00000303_inc#DNA	5333
EDTA_TE_00000305_inc#DNA	3944
EDTA_TE_00000309_inc#DNA/MITE	100
EDTA_TE_00000311_inc#DNA/MITE	1394
EDTA_TE_00000316_inc#DNA	1691
EDTA_TE_00000317_inc#DNA/MITE	374
EDTA_TE_00000319_INT_inc#LTR/Gypsy	10244
EDTA_TE_00000320_inc#DNA/MITE	169
EDTA_TE_00000325_inc#DNA/MITE	155
EDTA_TE_00000326_inc#DNA	35
EDTA_TE_00000327_inc#DNA	710
EDTA_TE_00000329_inc#DNA	1768
EDTA_TE_00000337_inc#DNA/MITE	541
EDTA_TE_00000341_inc#DNA	1942
EDTA_TE_00000342_inc#DNA	692
EDTA_TE_00000343_LTR_inc#LTR	649
EDTA_TE_00000344_inc#DNA/MITE	262
EDTA_TE_00000346_inc#DNA	910
EDTA_TE_00000347_inc#DNA	671
EDTA_TE_00000349_inc#DNA	974
EDTA_TE_00000350_inc#DNA	2708
EDTA_TE_00000353_LTR_s_2_inc#LTR/Gypsy	15210
EDTA_TE_00000357_inc#DNA	1020
EDTA_TE_00000358_inc#DNA	1489
EDTA_TE_00000359_inc#DNA	2288
EDTA_TE_00000360_inc#DNA	843
EDTA_TE_00000365_inc#DNA/MITE	277
EDTA_TE_00000368_LTR_inc#LTR/Gypsy	1097
EDTA_TE_00000369_INT_inc#LTR	2485
EDTA_TE_00000371_inc#DNA/MITE	388
EDTA_TE_00000376_INT_inc#LTR/Gypsy	5451
EDTA_TE_00000379_inc#DNA	3501
EDTA_TE_00000380_inc#DNA	1559
EDTA_TE_00000382_inc#DNA	1041
EDTA_TE_00000383_LTR_inc#LTR/Gypsy	3677
EDTA_TE_00000384_inc#DNA/MITE	298
EDTA_TE_00000386_inc#DNA	1200
EDTA_TE_00000387_inc#DNA/MITE	403
EDTA_TE_00000389_inc#DNA	2432
EDTA_TE_00000391_inc#DNA/MITE	533
EDTA_TE_00000394_inc#DNA/MITE	1757
EDTA_TE_00000396_LTR_inc#LTR	232
EDTA_TE_00000399_INT_inc#LTR/Gypsy	4196
EDTA_TE_00000400_inc#DNA	723
EDTA_TE_00000402_inc#DNA	1677
EDTA_TE_00000403_inc#DNA	1064
EDTA_TE_00000405_inc#DNA/MITE	309
EDTA_TE_00000408_LTR_s_1_inc#LTR/Gypsy	717
EDTA_TE_00000408_LTR_s_2_inc#LTR/Gypsy	672
EDTA_TE_00000408_LTR_s_0_inc#LTR/Gypsy	176
EDTA_TE_00000409_inc#DNA	2566
EDTA_TE_00000415_inc#DNA/MITE	114
EDTA_TE_00000417_inc#DNA	2806
EDTA_TE_00000418_inc#DNA	1769
EDTA_TE_00000420_inc#DNA/MITE	565
EDTA_TE_00000422_inc#RC/Helitron	243
EDTA_TE_00000426_inc#DNA	6863
EDTA_TE_00000427_inc#DNA/MITE	420
EDTA_TE_00000430_LTR_s_1_inc#LTR/Gypsy	795
EDTA_TE_00000430_LTR_s_2_inc#LTR/Gypsy	4554
EDTA_TE_00000430_LTR_s_0_inc#LTR/Gypsy	286
EDTA_TE_00000432_inc#DNA/MITE	474
EDTA_TE_00000435_inc#DNA/MITE	184
EDTA_TE_00000437_LTR_inc#LTR/Gypsy	784
EDTA_TE_00000444_inc#DNA	3460
EDTA_TE_00000445_inc#DNA	1481
EDTA_TE_00000447_inc#DNA	1488
EDTA_TE_00000448_inc#DNA	709
EDTA_TE_00000449_inc#DNA/MITE	380
EDTA_TE_00000450_inc#DNA/MITE	392
EDTA_TE_00000452_inc#DNA/MITE	336
EDTA_TE_00000455_inc#DNA/MITE	323
EDTA_TE_00000456_LTR_inc#LTR/Gypsy	254
EDTA_TE_00000461_inc#DNA	4774
EDTA_TE_00000462_inc#DNA	4323
EDTA_TE_00000463_inc#DNA	942
EDTA_TE_00000468_inc#DNA/MITE	85
EDTA_TE_00000469_inc#DNA/MITE	264
EDTA_TE_00000473_INT_inc#LTR	948
EDTA_TE_00000474_inc#DNA/MITE	156
EDTA_TE_00000477_inc#DNA/MITE	333
EDTA_TE_00000478_inc#DNA	4019
EDTA_TE_00000479_inc#DNA/MITE	260
EDTA_TE_00000480_INT_inc#LTR/Gypsy	5354
EDTA_TE_00000481_inc#DNA	4613
EDTA_TE_00000484_inc#RC/Helitron	2030
EDTA_TE_00000485_inc#DNA	916
EDTA_TE_00000486_inc#DNA/MITE	412
EDTA_TE_00000496_LTR_s_1_inc#LTR/Gypsy	368
EDTA_TE_00000496_LTR_s_2_inc#LTR/Gypsy	2445
EDTA_TE_00000498_inc#DNA/MITE	944
EDTA_TE_00000500_inc#DNA	1395
EDTA_TE_00000503_LTR_s_1_inc#LTR/Gypsy	731
EDTA_TE_00000503_LTR_s_2_inc#LTR/Gypsy	2508
EDTA_TE_00000503_LTR_s_0_inc#LTR/Gypsy	212
EDTA_TE_00000508_LTR_s_1_inc#LTR/Copia	2743
EDTA_TE_00000508_LTR_s_2_inc#LTR/Copia	1556
EDTA_TE_00000511_inc#DNA/MITE	158
EDTA_TE_00000513_inc#DNA/MITE	150
EDTA_TE_00000514_INT_inc#LTR/Gypsy	5703
EDTA_TE_00000517_inc#DNA	2203
EDTA_TE_00000520_inc#DNA	1833
EDTA_TE_00000521_inc#DNA	4136
EDTA_TE_00000522_inc#DNA	665
EDTA_TE_00000524_inc#DNA	1361
EDTA_TE_00000525_inc#DNA	2588
EDTA_TE_00000526_LTR_inc#LTR/Gypsy	581
EDTA_TE_00000527_inc#DNA	822
EDTA_TE_00000530_inc#DNA/MITE	6906
EDTA_TE_00000532_inc#DNA	1729
EDTA_TE_00000533_INT_inc#LTR/Gypsy	4521
EDTA_TE_00000535_inc#DNA/MITE	239
EDTA_TE_00000536_inc#DNA	752
EDTA_TE_00000538_inc#DNA	1236
EDTA_TE_00000539_inc#DNA	649
EDTA_TE_00000540_inc#DNA	3487
EDTA_TE_00000541_INT_inc#LTR/Gypsy	2771
EDTA_TE_00000543_inc#DNA	2204
EDTA_TE_00000544_inc#DNA	3742
EDTA_TE_00000545_INT_inc#LTR/Gypsy	8483
EDTA_TE_00000547_inc#DNA	3126
EDTA_TE_00000548_inc#DNA/MITE	559
EDTA_TE_00000553_inc#DNA/MITE	117
EDTA_TE_00000554_INT_inc#LTR/Gypsy	3631
EDTA_TE_00000555_inc#DNA/MITE	366
EDTA_TE_00000557_inc#DNA/MITE	349
EDTA_TE_00000565_INT_inc#LTR/Gypsy	94
EDTA_TE_00000566_INT_inc#LTR/Gypsy	4979
EDTA_TE_00000570_inc#DNA/MITE	140
EDTA_TE_00000572_inc#DNA	2077
EDTA_TE_00000573_inc#DNA/MITE	387
EDTA_TE_00000574_inc#DNA	718
EDTA_TE_00000575_inc#DNA/MITE	376
EDTA_TE_00000577_inc#DNA	771
EDTA_TE_00000578_inc#DNA	2386
EDTA_TE_00000580_inc#DNA	3030
EDTA_TE_00000583_inc#DNA/MITE	217
EDTA_TE_00000586_LTR_s_1_inc#LTR/Gypsy	5568
EDTA_TE_00000586_LTR_s_2_inc#LTR/Gypsy	3698
EDTA_TE_00000587_inc#RC/Helitron	3600
EDTA_TE_00000590_inc#DNA/MITE	221
EDTA_TE_00000593_inc#DNA	1052
EDTA_TE_00000594_INT_inc#LTR/Gypsy	3985
EDTA_TE_00000595_inc#DNA/MITE	224
EDTA_TE_00000597_inc#DNA/MITE	94
EDTA_TE_00000599_inc#DNA/MITE	259
EDTA_TE_00000603_inc#DNA	2084
EDTA_TE_00000604_LTR_s_0_inc#LTR/Gypsy	463
EDTA_TE_00000606_INT_inc#LTR/Gypsy	1119
EDTA_TE_00000607_LTR_inc#LTR/Gypsy	251
EDTA_TE_00000608_inc#DNA	9018
EDTA_TE_00000610_INT_inc#LTR/Copia	2514
EDTA_TE_00000613_inc#DNA/MITE	335
EDTA_TE_00000616_inc#DNA/MITE	548
EDTA_TE_00000618_INT_inc#LTR/Gypsy	4678
EDTA_TE_00000621_inc#DNA	2659
EDTA_TE_00000622_inc#DNA	2493
EDTA_TE_00000624_inc#DNA	683
EDTA_TE_00000632_INT_inc#LTR	3146
EDTA_TE_00000634_LTR_inc#LTR/Gypsy	342
EDTA_TE_00000636_inc#DNA	4314
EDTA_TE_00000637_inc#DNA/MITE	333
EDTA_TE_00000638_LTR_s_2_inc#LTR/Gypsy	812
EDTA_TE_00000640_inc#DNA	734
EDTA_TE_00000644_inc#DNA	3019
EDTA_TE_00000646_INT_inc#LTR/Gypsy	5731
EDTA_TE_00000647_INT_inc#LTR/Gypsy	8358
EDTA_TE_00000648_inc#DNA	2137
EDTA_TE_00000650_inc#DNA	1635
EDTA_TE_00000651_INT_inc#LTR/Gypsy	611
EDTA_TE_00000653_inc#DNA	2570
EDTA_TE_00000654_inc#DNA/MITE	540
EDTA_TE_00000655_inc#DNA/MITE	231
EDTA_TE_00000656_inc#DNA	2472
EDTA_TE_00000658_inc#DNA/MITE	1117
EDTA_TE_00000660_inc#DNA/MITE	167
EDTA_TE_00000664_INT_inc#LTR/Gypsy	5930
EDTA_TE_00000666_inc#DNA/MITE	95
EDTA_TE_00000668_inc#DNA/MITE	131
EDTA_TE_00000670_LTR_s_1_inc#LTR/Gypsy	4234
EDTA_TE_00000670_LTR_s_0_inc#LTR/Gypsy	246
EDTA_TE_00000672_inc#DNA	3066
EDTA_TE_00000673_LTR_s_0_inc#LTR/Gypsy	241
EDTA_TE_00000678_inc#DNA	850
EDTA_TE_00000679_inc#DNA	1206
EDTA_TE_00000680_inc#DNA/MITE	533
EDTA_TE_00000683_inc#DNA/MITE	193
EDTA_TE_00000685_inc#DNA	1087
EDTA_TE_00000687_INT_inc#LTR/Gypsy	3662
EDTA_TE_00000688_inc#RC/Helitron	6097
EDTA_TE_00000689_inc#DNA	672
EDTA_TE_00000691_INT_inc#LTR/Gypsy	3612
EDTA_TE_00000693_INT_inc#LTR/Gypsy	5697
EDTA_TE_00000694_inc#DNA/MITE	391
EDTA_TE_00000696_inc#DNA/MITE	301
EDTA_TE_00000697_inc#DNA	1064
EDTA_TE_00000701_inc#DNA	1390
EDTA_TE_00000706_inc#DNA	2074
EDTA_TE_00000707_LTR_s_2_inc#LTR	800
EDTA_TE_00000707_LTR_s_3_s_2_inc#LTR	5174
EDTA_TE_00000709_inc#DNA	1138
EDTA_TE_00000711_inc#DNA/MITE	268
EDTA_TE_00000712_inc#DNA	2765
EDTA_TE_00000716_LTR_s_1_inc#LTR/Gypsy	6319
EDTA_TE_00000716_LTR_s_2_inc#LTR/Gypsy	1958
EDTA_TE_00000718_inc#DNA/MITE	100
EDTA_TE_00000719_inc#DNA/MITE	109
EDTA_TE_00000720_INT_inc#LTR/Gypsy	5810
EDTA_TE_00000723_LTR_s_0_inc#LTR/Gypsy	181
EDTA_TE_00000727_inc#RC/Helitron	2380
EDTA_TE_00000729_INT_inc#LTR/Gypsy	3280
EDTA_TE_00000730_LTR_inc#LTR/Gypsy	1206
EDTA_TE_00000734_inc#DNA/MITE	511
EDTA_TE_00000735_inc#DNA	1432
EDTA_TE_00000736_inc#DNA/MITE	132
EDTA_TE_00000737_INT_inc#LTR/Gypsy	5754
EDTA_TE_00000739_inc#RC/Helitron	1327
EDTA_TE_00000742_inc#DNA	812
EDTA_TE_00000743_INT_inc#LTR/Gypsy	7018
EDTA_TE_00000744_LTR_s_1_inc#LTR/Gypsy	4061
EDTA_TE_00000744_LTR_s_2_inc#LTR/Gypsy	6196
EDTA_TE_00000745_inc#DNA	1160
EDTA_TE_00000746_inc#DNA/MITE	162
EDTA_TE_00000747_INT_inc#LTR/Copia	4290
EDTA_TE_00000751_inc#RC/Helitron	862
EDTA_TE_00000752_inc#DNA	1164
EDTA_TE_00000753_INT_inc#LTR/Gypsy	3022
EDTA_TE_00000754_LTR_inc#LTR/Gypsy	469
EDTA_TE_00000757_LTR_s_1_inc#LTR/Gypsy	3009
EDTA_TE_00000757_LTR_s_2_inc#LTR/Gypsy	583
EDTA_TE_00000758_inc#DNA/MITE	559
EDTA_TE_00000759_inc#DNA	1049
EDTA_TE_00000760_inc#DNA/MITE	231
EDTA_TE_00000761_inc#RC/Helitron	1780
EDTA_TE_00000762_INT_inc#LTR/Gypsy	3884
EDTA_TE_00000766_inc#DNA	2823
EDTA_TE_00000767_LTR_inc#LTR/Gypsy	603
EDTA_TE_00000769_inc#DNA	1945
EDTA_TE_00000770_inc#DNA	1650
EDTA_TE_00000771_inc#DNA	4285
EDTA_TE_00000776_inc#DNA	3631
EDTA_TE_00000780_inc#DNA	1357
EDTA_TE_00000785_inc#DNA/MITE	341
EDTA_TE_00000786_inc#DNA/MITE	234
EDTA_TE_00000787_inc#DNA	2065
EDTA_TE_00000788_inc#DNA/MITE	333
EDTA_TE_00000790_INT_inc#LTR/Gypsy	10028
EDTA_TE_00000792_inc#DNA/MITE	221
EDTA_TE_00000795_LTR_s_1_inc#LTR/Gypsy	571
EDTA_TE_00000795_LTR_s_2_inc#LTR/Gypsy	615
EDTA_TE_00000799_inc#RC/Helitron	299
EDTA_TE_00000802_inc#DNA/MITE	434
EDTA_TE_00000804_INT_inc#LTR/Copia	1885
EDTA_TE_00000808_LTR_s_0_inc#LTR	118
EDTA_TE_00000810_inc#DNA	3432
EDTA_TE_00000811_inc#DNA	2437
EDTA_TE_00000812_INT_inc#LTR/Gypsy	5185
EDTA_TE_00000814_inc#DNA	3295
EDTA_TE_00000815_inc#DNA	786
EDTA_TE_00000819_inc#DNA	982
EDTA_TE_00000821_inc#DNA	976
EDTA_TE_00000823_LTR_inc#LTR/Gypsy	306
EDTA_TE_00000824_inc#RC/Helitron	13437
EDTA_TE_00000825_LTR_s_1_inc#LTR/Gypsy	662
EDTA_TE_00000825_LTR_s_2_inc#LTR/Gypsy	959
EDTA_TE_00000826_INT_inc#LTR	164
EDTA_TE_00000828_inc#DNA/MITE	407
EDTA_TE_00000833_LTR_s_1_inc#LTR/Gypsy	902
EDTA_TE_00000833_LTR_s_2_inc#LTR/Gypsy	668
EDTA_TE_00000836_inc#DNA	648
EDTA_TE_00000837_inc#DNA/MITE	450
EDTA_TE_00000839_inc#DNA/MITE	354
EDTA_TE_00000840_inc#DNA	1236
EDTA_TE_00000844_INT_inc#LTR/Gypsy	6233
EDTA_TE_00000847_inc#DNA	4613
EDTA_TE_00000849_inc#DNA	1294
EDTA_TE_00000850_LTR_inc#LTR/Gypsy	450
EDTA_TE_00000852_inc#RC/Helitron	1866
EDTA_TE_00000853_inc#DNA/MITE	250
EDTA_TE_00000855_inc#DNA	1125
EDTA_TE_00000856_inc#DNA	1251
EDTA_TE_00000857_INT_inc#LTR/Gypsy	6152
EDTA_TE_00000862_INT_inc#LTR/Gypsy	4858
EDTA_TE_00000866_inc#DNA/MITE	459
EDTA_TE_00000867_LTR_s_2_inc#LTR/Gypsy	3446
EDTA_TE_00000870_inc#DNA	3250
EDTA_TE_00000871_inc#DNA	842
EDTA_TE_00000872_inc#DNA	824
EDTA_TE_00000875_inc#DNA	2258
EDTA_TE_00000876_inc#DNA	4238
EDTA_TE_00000879_inc#DNA/MITE	213
EDTA_TE_00000889_inc#DNA/MITE	241
EDTA_TE_00000890_inc#DNA	1122
EDTA_TE_00000891_LTR_s_1_inc#LTR/Gypsy	548
EDTA_TE_00000891_LTR_s_2_inc#LTR/Gypsy	3036
EDTA_TE_00000892_inc#DNA	895
EDTA_TE_00000894_inc#DNA	3978
EDTA_TE_00000895_inc#DNA	2714
EDTA_TE_00000896_INT_inc#LTR/Gypsy	214
EDTA_TE_00000897_inc#DNA	3217
EDTA_TE_00000898_inc#DNA	3168
EDTA_TE_00000900_inc#DNA/MITE	147
EDTA_TE_00000903_inc#RC/Helitron	1469
EDTA_TE_00000906_INT_inc#LTR/Gypsy	2607
EDTA_TE_00000907_INT_inc#LTR/Gypsy	5900
EDTA_TE_00000909_inc#DNA	3044
EDTA_TE_00000910_inc#DNA	4897
EDTA_TE_00000913_inc#DNA/MITE	124
EDTA_TE_00000915_inc#RC/Helitron	3138
EDTA_TE_00000916_inc#DNA	2686
EDTA_TE_00000919_inc#DNA	4094
EDTA_TE_00000926_inc#DNA	1550
EDTA_TE_00000928_LTR_s_1_inc#LTR	801
EDTA_TE_00000928_LTR_s_2_inc#LTR	818
EDTA_TE_00000928_LTR_s_0_inc#LTR	317
EDTA_TE_00000929_LTR_s_2_inc#LTR	774
EDTA_TE_00000930_inc#DNA	926
EDTA_TE_00000931_inc#DNA	3973
EDTA_TE_00000935_LTR_inc#LTR/Gypsy	150
EDTA_TE_00000938_inc#DNA	2007
EDTA_TE_00000941_inc#DNA	1153
EDTA_TE_00000942_inc#DNA	9054
EDTA_TE_00000943_inc#DNA	2496
EDTA_TE_00000944_INT_inc#LTR/Gypsy	4512
EDTA_TE_00000945_inc#DNA/MITE	233
EDTA_TE_00000946_inc#DNA	2437
EDTA_TE_00000948_INT_inc#LTR/Gypsy	4020
EDTA_TE_00000950_inc#DNA	62
EDTA_TE_00000951_inc#DNA	2911
EDTA_TE_00000953_inc#DNA/MITE	199
EDTA_TE_00000954_inc#DNA	1171
EDTA_TE_00000957_INT_inc#LTR/Gypsy	6528
EDTA_TE_00000961_inc#DNA/MITE	230
EDTA_TE_00000963_inc#DNA	654
EDTA_TE_00000965_inc#DNA/MITE	1206
EDTA_TE_00000968_inc#DNA/MITE	531
EDTA_TE_00000969_inc#RC/Helitron	1933
EDTA_TE_00000970_inc#DNA	1202
EDTA_TE_00000977_inc#DNA	1598
EDTA_TE_00000984_LTR_s_1_inc#LTR/Gypsy	816
EDTA_TE_00000986_inc#DNA	2056
EDTA_TE_00000987_inc#DNA	1957
EDTA_TE_00000988_inc#DNA/MITE	577
EDTA_TE_00000989_inc#DNA/MITE	465
EDTA_TE_00000990_inc#DNA	869
EDTA_TE_00000991_inc#DNA/MITE	444
EDTA_TE_00000992_inc#DNA/MITE	328
EDTA_TE_00000993_inc#DNA	3396
EDTA_TE_00000994_inc#DNA	4981
EDTA_TE_00000995_inc#DNA/MITE	375
EDTA_TE_00001000_inc#DNA	2738
EDTA_TE_00001004_inc#DNA	1073
EDTA_TE_00001006_INT_inc#LTR	2494
EDTA_TE_00001007_LTR_s_0_inc#LTR/Gypsy	171
EDTA_TE_00001008_LTR_inc#LTR/Gypsy	1094
EDTA_TE_00001009_inc#DNA	3317
EDTA_TE_00001011_inc#DNA/MITE	460
EDTA_TE_00001013_INT_inc#LTR/Gypsy	4452
EDTA_TE_00001014_inc#DNA	3768
EDTA_TE_00001015_inc#DNA/MITE	327
EDTA_TE_00001017_INT_inc#LTR/Gypsy	4377
EDTA_TE_00001019_inc#DNA/MITE	311
EDTA_TE_00001025_inc#DNA	1259
EDTA_TE_00001027_inc#DNA	1456
EDTA_TE_00001028_INT_inc#LTR/Gypsy	4335
EDTA_TE_00001029_INT_inc#LTR/Gypsy	18865
EDTA_TE_00001030_inc#DNA/MITE	393
EDTA_TE_00001032_LTR_s_2_inc#LTR/Gypsy	794
EDTA_TE_00001032_LTR_s_0_inc#LTR/Gypsy	342
EDTA_TE_00001034_INT_inc#LTR/Gypsy	5524
EDTA_TE_00001036_LTR_inc#LTR/Gypsy	802
EDTA_TE_00001039_inc#RC/Helitron	2829
EDTA_TE_00001040_inc#DNA	1106
EDTA_TE_00001041_INT_inc#LTR	2771
EDTA_TE_00001043_inc#DNA	1082
EDTA_TE_00001044_LTR_s_1_inc#LTR/Gypsy	6258
EDTA_TE_00001044_LTR_s_2_inc#LTR/Gypsy	742
EDTA_TE_00001045_inc#DNA	3851
EDTA_TE_00001046_inc#DNA/MITE	255
EDTA_TE_00001048_inc#DNA/MITE	464
EDTA_TE_00001049_INT_inc#LTR/Copia	3997
EDTA_TE_00001054_inc#DNA/MITE	502
EDTA_TE_00001055_INT_inc#LTR/Gypsy	4024
EDTA_TE_00001057_inc#DNA/MITE	304
EDTA_TE_00001058_inc#DNA/MITE	517
EDTA_TE_00001061_LTR_s_2_inc#LTR/Copia	751
EDTA_TE_00001063_inc#DNA	1431
EDTA_TE_00001064_inc#DNA/MITE	198
EDTA_TE_00001070_LTR_s_1_inc#LTR/Gypsy	650
EDTA_TE_00001074_inc#DNA	2687
EDTA_TE_00001076_inc#DNA/MITE	381
EDTA_TE_00001077_INT_inc#LTR	2692
EDTA_TE_00001080_LTR_s_1_inc#LTR/Gypsy	887
EDTA_TE_00001081_inc#DNA	1020
EDTA_TE_00001082_inc#DNA	2130
EDTA_TE_00001083_inc#DNA	912
EDTA_TE_00001085_inc#DNA/MITE	162
EDTA_TE_00001087_inc#DNA	1780
EDTA_TE_00001088_inc#DNA	4406
EDTA_TE_00001089_LTR_s_2_inc#LTR/Gypsy	4421
EDTA_TE_00001090_inc#DNA	1731
EDTA_TE_00001094_INT_inc#LTR	3352
EDTA_TE_00001096_inc#DNA/MITE	7301
EDTA_TE_00001097_INT_inc#LTR/Gypsy	4396
EDTA_TE_00001098_inc#DNA/MITE	116
EDTA_TE_00001099_LTR_inc#LTR/Gypsy	656
EDTA_TE_00001100_INT_inc#LTR/Gypsy	4032
EDTA_TE_00001102_inc#RC/Helitron	1991
EDTA_TE_00001103_inc#DNA	4635
EDTA_TE_00001105_inc#DNA/MITE	300
EDTA_TE_00001106_inc#DNA	422
EDTA_TE_00001108_inc#DNA/MITE	169
EDTA_TE_00001109_inc#DNA	630
EDTA_TE_00001112_inc#DNA/MITE	115
EDTA_TE_00001115_inc#DNA/MITE	285
EDTA_TE_00001117_INT_inc#LTR/Gypsy	4371
EDTA_TE_00001119_LTR_s_1_inc#LTR/Gypsy	4760
EDTA_TE_00001122_inc#DNA	2350
EDTA_TE_00001123_INT_inc#LTR/Gypsy	2622
EDTA_TE_00001127_LTR_s_0_inc#LTR/Gypsy	359
EDTA_TE_00001128_LTR_s_1_inc#LTR/Gypsy	746
EDTA_TE_00001128_LTR_s_2_inc#LTR/Gypsy	657
EDTA_TE_00001128_LTR_s_0_inc#LTR/Gypsy	217
EDTA_TE_00001129_inc#DNA	2304
EDTA_TE_00001130_inc#DNA/MITE	118
EDTA_TE_00001131_inc#DNA	3516
EDTA_TE_00001132_INT_inc#LTR/Gypsy	523
EDTA_TE_00001136_LTR_s_2_inc#LTR/Copia	3458
EDTA_TE_00001144_INT_inc#LTR/Gypsy	5964
EDTA_TE_00001145_inc#RC/Helitron	991
EDTA_TE_00001148_inc#RC/Helitron	531
EDTA_TE_00001150_LTR_s_2_inc#LTR/Gypsy	5136
EDTA_TE_00001151_inc#RC/Helitron	517
EDTA_TE_00001153_inc#DNA/MITE	346
EDTA_TE_00001155_inc#DNA	1492
EDTA_TE_00001158_inc#DNA/MITE	109
EDTA_TE_00001161_inc#DNA	895
EDTA_TE_00001163_inc#DNA	1435
EDTA_TE_00001165_INT_inc#LTR/Gypsy	3577
EDTA_TE_00001166_inc#DNA	3833
EDTA_TE_00001167_LTR_inc#LTR/Gypsy	599
EDTA_TE_00001168_inc#DNA/MITE	391
EDTA_TE_00001169_inc#DNA	894
EDTA_TE_00001170_inc#DNA/MITE	103
EDTA_TE_00001171_inc#DNA/MITE	177
EDTA_TE_00001174_inc#DNA	1385
EDTA_TE_00001175_INT_inc#LTR/Gypsy	3856
EDTA_TE_00001176_LTR_s_1_inc#LTR/Gypsy	2872
EDTA_TE_00001176_LTR_s_2_inc#LTR/Gypsy	2992
EDTA_TE_00001179_INT_inc#LTR/Gypsy	508
EDTA_TE_00001181_inc#DNA/MITE	315
EDTA_TE_00001184_inc#DNA/MITE	138
EDTA_TE_00001185_inc#DNA/MITE	460
EDTA_TE_00001187_LTR_s_1_inc#LTR/Gypsy	625
EDTA_TE_00001187_LTR_s_2_inc#LTR/Gypsy	647
EDTA_TE_00001189_LTR_s_2_inc#LTR/Copia	3215
EDTA_TE_00001189_LTR_s_0_inc#LTR/Copia	310
EDTA_TE_00001190_inc#RC/Helitron	1786
EDTA_TE_00001191_inc#DNA/MITE	158
EDTA_TE_00001192_inc#DNA	3386
EDTA_TE_00001193_inc#DNA/MITE	252
EDTA_TE_00001194_inc#DNA	1217
EDTA_TE_00001195_LTR_s_2_inc#LTR/Gypsy	773
EDTA_TE_00001196_LTR_inc#LTR/Gypsy	500
EDTA_TE_00001197_LTR_s_1_inc#LTR/Gypsy	705
EDTA_TE_00001199_inc#RC/Helitron	457
EDTA_TE_00001201_inc#DNA/MITE	135
EDTA_TE_00001202_INT_inc#LTR/Gypsy	5789
EDTA_TE_00001205_inc#DNA	2833
EDTA_TE_00001206_inc#DNA	2940
EDTA_TE_00001210_LTR_s_1_inc#LTR/Gypsy	1988
EDTA_TE_00001210_LTR_s_2_inc#LTR/Gypsy	748
EDTA_TE_00001212_inc#DNA	1051
EDTA_TE_00001215_inc#DNA	697
EDTA_TE_00001217_inc#DNA	1902
EDTA_TE_00001219_inc#DNA	4010
EDTA_TE_00001222_inc#DNA	1514
EDTA_TE_00001223_inc#DNA	2043
EDTA_TE_00001224_inc#DNA	1250
EDTA_TE_00001225_LTR_inc#LTR/Gypsy	359
EDTA_TE_00001226_LTR_s_0_inc#LTR/Gypsy	223
EDTA_TE_00001227_inc#DNA/MITE	149
EDTA_TE_00001229_INT_inc#LTR	1724
EDTA_TE_00001230_LTR_s_0_inc#LTR/Gypsy	108
EDTA_TE_00001231_INT_inc#LTR/Gypsy	4626
EDTA_TE_00001232_inc#DNA	2008
EDTA_TE_00001235_LTR_s_1_inc#LTR	2099
EDTA_TE_00001235_LTR_s_2_inc#LTR	1002
EDTA_TE_00001237_inc#DNA	1548
EDTA_TE_00001239_inc#DNA/MITE	302
EDTA_TE_00001240_inc#DNA/MITE	517
EDTA_TE_00001241_inc#DNA/MITE	159
EDTA_TE_00001248_inc#DNA	1380
EDTA_TE_00001249_inc#DNA	3750
EDTA_TE_00001250_LTR_s_2_inc#LTR/Gypsy	5802
EDTA_TE_00001252_INT_inc#LTR/Gypsy	3337
EDTA_TE_00001253_inc#DNA	4615
EDTA_TE_00001254_inc#DNA	2525
EDTA_TE_00001257_inc#DNA	1773
EDTA_TE_00001259_LTR_s_1_inc#LTR/Gypsy	833
EDTA_TE_00001259_LTR_s_2_inc#LTR/Gypsy	3431
EDTA_TE_00001260_LTR_s_0_inc#LTR/Gypsy	241
EDTA_TE_00001261_inc#RC/Helitron	7092
EDTA_TE_00001263_inc#DNA	2817
EDTA_TE_00001264_inc#DNA	2086
EDTA_TE_00001266_LTR_s_2_inc#LTR/Gypsy	631
EDTA_TE_00001267_inc#DNA/MITE	499
EDTA_TE_00001268_inc#DNA/MITE	499
EDTA_TE_00001269_INT_inc#LTR/Gypsy	4370
EDTA_TE_00001273_INT_inc#LTR/Gypsy	4225
EDTA_TE_00001276_inc#DNA/MITE	351
EDTA_TE_00001277_inc#DNA	952
EDTA_TE_00001280_inc#DNA/MITE	1704
EDTA_TE_00001281_INT_inc#LTR/Gypsy	4127
EDTA_TE_00001282_inc#DNA/MITE	379
EDTA_TE_00001284_INT_inc#LTR/Gypsy	4847
EDTA_TE_00001286_inc#DNA	1741
EDTA_TE_00001289_inc#DNA/MITE	349
EDTA_TE_00001294_inc#RC/Helitron	2306
EDTA_TE_00001297_LTR_s_1_inc#LTR/Gypsy	3759
EDTA_TE_00001299_inc#DNA	1464
EDTA_TE_00001303_inc#DNA/MITE	269
EDTA_TE_00001304_LTR_s_0_inc#LTR/Gypsy	188
EDTA_TE_00001306_INT_inc#LTR/Gypsy	3372
EDTA_TE_00001307_inc#DNA/MITE	342
EDTA_TE_00001309_LTR_inc#LTR/Copia	700
EDTA_TE_00001310_inc#DNA	672
EDTA_TE_00001320_inc#DNA	924
EDTA_TE_00001322_LTR_inc#LTR/Gypsy	625
EDTA_TE_00001323_LTR_s_1_inc#LTR/Gypsy	666
EDTA_TE_00001323_LTR_s_0_inc#LTR/Gypsy	162
EDTA_TE_00001324_inc#DNA	4980
EDTA_TE_00001325_inc#DNA	2284
EDTA_TE_00001329_inc#DNA/MITE	87
EDTA_TE_00001331_INT_inc#LTR/Gypsy	5596
EDTA_TE_00001332_inc#DNA	1348
EDTA_TE_00001333_inc#DNA/MITE	77
EDTA_TE_00001334_inc#DNA	3288
EDTA_TE_00001335_INT_inc#LTR	794
EDTA_TE_00001336_inc#DNA	2767
EDTA_TE_00001339_LTR_inc#LTR/Gypsy	618
EDTA_TE_00001340_inc#DNA/MITE	298
EDTA_TE_00001341_inc#DNA/MITE	558
EDTA_TE_00001343_inc#DNA/MITE	116
EDTA_TE_00001346_inc#DNA/MITE	331
EDTA_TE_00001349_inc#DNA/MITE	216
EDTA_TE_00001354_LTR_inc#LTR	265
EDTA_TE_00001357_inc#DNA/MITE	461
EDTA_TE_00001358_inc#DNA	2516
EDTA_TE_00001361_inc#DNA	2359
EDTA_TE_00001363_inc#DNA	739
EDTA_TE_00001364_inc#DNA	3354
EDTA_TE_00001366_inc#DNA/MITE	469
EDTA_TE_00001367_INT_inc#LTR/Gypsy	2194
EDTA_TE_00001368_inc#DNA	1579
EDTA_TE_00001369_inc#DNA	1254
EDTA_TE_00001372_inc#DNA/MITE	224
EDTA_TE_00001373_inc#DNA	995
EDTA_TE_00001376_inc#DNA/MITE	239
EDTA_TE_00001377_inc#DNA	608
EDTA_TE_00001379_INT_inc#LTR/Gypsy	336
EDTA_TE_00001382_inc#DNA	1981
EDTA_TE_00001385_inc#DNA/MITE	528
EDTA_TE_00001386_LTR_inc#LTR/Gypsy	411
EDTA_TE_00001387_LTR_s_1_inc#LTR/Gypsy	949
EDTA_TE_00001387_LTR_s_0_inc#LTR/Gypsy	465
EDTA_TE_00001388_inc#DNA	2380
EDTA_TE_00001390_inc#DNA	3780
EDTA_TE_00001393_inc#DNA	2133
EDTA_TE_00001401_inc#DNA/MITE	426
EDTA_TE_00001402_inc#DNA/MITE	208
EDTA_TE_00001414_inc#DNA/MITE	415
EDTA_TE_00001417_inc#DNA/MITE	536
EDTA_TE_00001420_inc#DNA/MITE	501
EDTA_TE_00001421_inc#DNA/MITE	4346
EDTA_TE_00001423_inc#DNA	2120
EDTA_TE_00001424_inc#DNA	655
EDTA_TE_00001425_inc#DNA	985
EDTA_TE_00001427_inc#DNA	1149
EDTA_TE_00001435_inc#DNA/MITE	212
EDTA_TE_00001436_INT_inc#LTR/Gypsy	5185
EDTA_TE_00001437_inc#DNA/MITE	139
EDTA_TE_00001440_inc#DNA	3059
EDTA_TE_00001442_inc#DNA	2819
EDTA_TE_00001443_inc#DNA	1175
EDTA_TE_00001447_LTR_s_1_inc#LTR/Gypsy	707
EDTA_TE_00001451_inc#DNA/MITE	466
EDTA_TE_00001456_inc#DNA	3641
EDTA_TE_00001460_inc#DNA	2723
EDTA_TE_00001461_inc#DNA	370
EDTA_TE_00001462_inc#RC/Helitron	5276
EDTA_TE_00001464_LTR_inc#LTR/Copia	250
EDTA_TE_00001465_inc#DNA/MITE	475
EDTA_TE_00001466_inc#DNA/MITE	178
EDTA_TE_00001467_inc#DNA	2867
EDTA_TE_00001474_inc#DNA/MITE	58
EDTA_TE_00001476_LTR_s_1_inc#LTR/Gypsy	653
EDTA_TE_00001476_LTR_s_2_inc#LTR/Gypsy	3620
EDTA_TE_00001481_INT_inc#LTR/Gypsy	4283
EDTA_TE_00001484_inc#DNA	3093
EDTA_TE_00001485_inc#DNA	786
EDTA_TE_00001486_INT_inc#LTR	1678
EDTA_TE_00001488_inc#DNA	954
EDTA_TE_00001491_inc#DNA/MITE	144
EDTA_TE_00001492_inc#RC/Helitron	938
EDTA_TE_00001494_inc#DNA/MITE	180
EDTA_TE_00001497_inc#DNA	426
EDTA_TE_00001499_inc#DNA	2246
EDTA_TE_00001503_inc#DNA	4940
EDTA_TE_00001504_inc#DNA	4321
EDTA_TE_00001506_inc#DNA	1423
EDTA_TE_00001507_INT_inc#LTR	212
EDTA_TE_00001509_LTR_s_2_inc#LTR/Gypsy	4960
EDTA_TE_00001510_INT_inc#LTR/Gypsy	65
EDTA_TE_00001513_inc#DNA/MITE	4752
EDTA_TE_00001519_inc#RC/Helitron	6203
EDTA_TE_00001520_INT_inc#LTR/Gypsy	5578
EDTA_TE_00001522_LTR_s_1_inc#LTR/Gypsy	3677
EDTA_TE_00001522_LTR_s_2_inc#LTR/Gypsy	650
EDTA_TE_00001523_INT_inc#LTR/Gypsy	431
EDTA_TE_00001527_inc#DNA	1627
EDTA_TE_00001530_inc#RC/Helitron	3001
EDTA_TE_00001531_inc#DNA/MITE	228
EDTA_TE_00001535_LTR_inc#LTR/Gypsy	656
EDTA_TE_00001541_INT_inc#LTR	765
EDTA_TE_00001542_INT_inc#LTR/Gypsy	3943
EDTA_TE_00001543_inc#DNA/MITE	557
EDTA_TE_00001546_INT_inc#LTR	1615
EDTA_TE_00001547_LTR_s_1_inc#LTR/Gypsy	776
EDTA_TE_00001547_LTR_s_2_inc#LTR/Gypsy	7076
EDTA_TE_00001548_LTR_inc#LTR/Gypsy	639
EDTA_TE_00001549_inc#DNA	3387
EDTA_TE_00001552_inc#DNA	1938
EDTA_TE_00001554_inc#DNA/MITE	170
EDTA_TE_00001556_inc#DNA	770
EDTA_TE_00001559_inc#DNA	1808
EDTA_TE_00001560_inc#DNA	706
EDTA_TE_00001561_inc#DNA/MITE	201
EDTA_TE_00001563_inc#DNA	621
EDTA_TE_00001564_LTR_s_1_inc#LTR/Gypsy	3615
EDTA_TE_00001564_LTR_s_0_inc#LTR/Gypsy	246
EDTA_TE_00001565_inc#DNA	2326
EDTA_TE_00001567_INT_inc#LTR/Gypsy	5301
EDTA_TE_00001574_inc#DNA	3509
EDTA_TE_00001576_inc#DNA	1647
EDTA_TE_00001578_inc#DNA	3188
EDTA_TE_00001582_inc#DNA	2610
EDTA_TE_00001583_inc#DNA	4108
EDTA_TE_00001585_inc#DNA/MITE	106
EDTA_TE_00001588_inc#DNA	896
EDTA_TE_00001592_inc#DNA/MITE	147
EDTA_TE_00001595_inc#DNA/MITE	238
EDTA_TE_00001600_inc#DNA/MITE	209
EDTA_TE_00001601_INT_inc#LTR/Gypsy	5990
EDTA_TE_00001605_inc#DNA	750
EDTA_TE_00001608_inc#DNA/MITE	338
EDTA_TE_00001609_inc#DNA	4327
EDTA_TE_00001611_inc#DNA	969
EDTA_TE_00001613_inc#DNA	2791
EDTA_TE_00001617_inc#DNA	1982
EDTA_TE_00001618_inc#DNA/MITE	191
EDTA_TE_00001619_LTR_inc#LTR/Gypsy	1036
EDTA_TE_00001621_inc#DNA	1210
EDTA_TE_00001628_LTR_inc#LTR/Gypsy	312
EDTA_TE_00001629_LTR_inc#LTR/Gypsy	413
EDTA_TE_00001631_inc#DNA/MITE	370
EDTA_TE_00001632_inc#DNA/MITE	125
EDTA_TE_00001633_inc#DNA	1823
EDTA_TE_00001634_inc#DNA	764
EDTA_TE_00001635_inc#DNA/MITE	240
EDTA_TE_00001637_inc#DNA	1536
EDTA_TE_00001640_INT_inc#LTR/Gypsy	4115
EDTA_TE_00001642_inc#DNA/MITE	280
EDTA_TE_00001643_inc#DNA	3042
EDTA_TE_00001644_inc#RC/Helitron	5376
EDTA_TE_00001646_INT_inc#LTR/Copia	4042
EDTA_TE_00001648_inc#DNA	4754
EDTA_TE_00001649_inc#DNA	707
EDTA_TE_00001652_inc#DNA	615
EDTA_TE_00001653_inc#DNA	1343
EDTA_TE_00001656_inc#DNA/MITE	138
EDTA_TE_00001657_inc#DNA	1603
EDTA_TE_00001658_inc#DNA	1758
EDTA_TE_00001664_INT_inc#LTR	90
EDTA_TE_00001665_INT_inc#LTR/Gypsy	6334
EDTA_TE_00001666_inc#DNA	1027
EDTA_TE_00001667_inc#DNA/MITE	385
EDTA_TE_00001671_inc#DNA/MITE	262
EDTA_TE_00001672_inc#DNA	932
EDTA_TE_00001674_inc#DNA/MITE	237
EDTA_TE_00001675_INT_inc#LTR	1520
EDTA_TE_00001676_inc#DNA/MITE	389
EDTA_TE_00001678_inc#DNA/MITE	385
EDTA_TE_00001680_inc#DNA/MITE	538
EDTA_TE_00001681_inc#DNA/MITE	347
EDTA_TE_00001684_inc#DNA	4153
EDTA_TE_00001685_inc#DNA	947
EDTA_TE_00001687_inc#DNA/MITE	381
EDTA_TE_00001688_inc#DNA/MITE	859
EDTA_TE_00001690_inc#DNA/MITE	374
EDTA_TE_00001693_INT_inc#LTR/Gypsy	5824
EDTA_TE_00001696_LTR_s_1_inc#LTR/Gypsy	6320
EDTA_TE_00001696_LTR_s_2_inc#LTR/Gypsy	2457
EDTA_TE_00001698_inc#RC/Helitron	290
EDTA_TE_00001699_inc#DNA	1703
EDTA_TE_00001700_inc#DNA/MITE	179
EDTA_TE_00001701_inc#DNA/MITE	394
EDTA_TE_00001709_inc#DNA	590
EDTA_TE_00001711_inc#DNA	3687
EDTA_TE_00001714_inc#DNA	2747
EDTA_TE_00001715_INT_inc#LTR/Gypsy	978
EDTA_TE_00001720_LTR_inc#LTR/Gypsy	364
EDTA_TE_00001722_inc#DNA	1803
EDTA_TE_00001723_inc#DNA/MITE	535
EDTA_TE_00001724_inc#DNA	4943
EDTA_TE_00001728_INT_inc#LTR/Gypsy	5506
EDTA_TE_00001735_LTR_s_1_inc#LTR/Gypsy	1739
EDTA_TE_00001735_LTR_s_2_inc#LTR/Gypsy	1080
EDTA_TE_00001735_LTR_s_0_inc#LTR/Gypsy	197
EDTA_TE_00001736_inc#DNA	1209
EDTA_TE_00001737_INT_inc#LTR/Gypsy	1434
EDTA_TE_00001739_INT_inc#LTR	2594
EDTA_TE_00001742_LTR_inc#LTR/Gypsy	538
EDTA_TE_00001747_inc#DNA/MITE	144
EDTA_TE_00001749_inc#DNA	2821
EDTA_TE_00001751_LTR_s_0_inc#LTR/Gypsy	203
EDTA_TE_00001752_INT_inc#LTR/Gypsy	6047
EDTA_TE_00001754_inc#DNA	3650
EDTA_TE_00001755_INT_inc#LTR/Gypsy	4198
EDTA_TE_00001758_LTR_s_1_inc#LTR/Gypsy	10186
EDTA_TE_00001761_inc#DNA	898
EDTA_TE_00001763_inc#DNA	4846
EDTA_TE_00001765_INT_inc#LTR/Gypsy	4239
EDTA_TE_00001766_inc#DNA/MITE	369
EDTA_TE_00001768_inc#DNA/MITE	108
EDTA_TE_00001773_inc#DNA	2423
EDTA_TE_00001775_INT_inc#LTR/Gypsy	3517
EDTA_TE_00001776_INT_inc#LTR/Gypsy	1888
EDTA_TE_00001780_INT_inc#LTR/Gypsy	165
EDTA_TE_00001781_inc#DNA/MITE	197
EDTA_TE_00001784_inc#DNA	904
EDTA_TE_00001785_LTR_s_0_inc#LTR/Gypsy	349
EDTA_TE_00001786_LTR_s_1_inc#LTR/Gypsy	2388
EDTA_TE_00001786_LTR_s_2_inc#LTR/Gypsy	2650
EDTA_TE_00001791_INT_inc#LTR/Gypsy	3969
EDTA_TE_00001793_inc#DNA	1264
EDTA_TE_00001798_INT_inc#LTR/Gypsy	6043
EDTA_TE_00001801_inc#DNA	656
EDTA_TE_00001802_inc#DNA/MITE	307
EDTA_TE_00001804_inc#DNA	1098
EDTA_TE_00001805_inc#DNA/MITE	131
EDTA_TE_00001806_inc#DNA/MITE	354
EDTA_TE_00001807_inc#DNA	5847
EDTA_TE_00001808_inc#DNA	2448
EDTA_TE_00001809_inc#DNA/MITE	373
EDTA_TE_00001810_inc#RC/Helitron	5204
EDTA_TE_00001812_inc#DNA/MITE	221
EDTA_TE_00001814_LTR_s_1_inc#LTR/Gypsy	6339
EDTA_TE_00001814_LTR_s_2_inc#LTR/Gypsy	826
EDTA_TE_00001816_inc#DNA/MITE	139
EDTA_TE_00001820_INT_inc#LTR/Gypsy	5253
EDTA_TE_00001822_inc#DNA	2041
EDTA_TE_00001824_inc#DNA	908
EDTA_TE_00001828_inc#DNA	1219
EDTA_TE_00001829_inc#DNA	2690
EDTA_TE_00001830_inc#DNA	4048
EDTA_TE_00001833_inc#DNA/MITE	267
EDTA_TE_00001836_inc#DNA	1483
EDTA_TE_00001839_inc#DNA/MITE	146
EDTA_TE_00001840_inc#DNA/MITE	586
EDTA_TE_00001842_inc#DNA	1545
EDTA_TE_00001844_inc#DNA/MITE	495
EDTA_TE_00001845_inc#DNA/MITE	207
EDTA_TE_00001846_inc#DNA	2957
EDTA_TE_00001848_inc#DNA	4971
EDTA_TE_00001850_inc#DNA/MITE	274
EDTA_TE_00001854_inc#DNA	1535
EDTA_TE_00001855_inc#DNA/MITE	298
EDTA_TE_00001856_LTR_s_1_inc#LTR/Gypsy	682
EDTA_TE_00001857_LTR_s_1_inc#LTR/Gypsy	1622
EDTA_TE_00001857_LTR_s_2_inc#LTR/Gypsy	652
EDTA_TE_00001859_inc#DNA/MITE	225
EDTA_TE_00001861_inc#DNA/MITE	216
EDTA_TE_00001862_INT_inc#LTR/Gypsy	2710
EDTA_TE_00001863_LTR_inc#LTR/Gypsy	498
EDTA_TE_00001864_LTR_inc#LTR/Gypsy	707
EDTA_TE_00001867_inc#DNA/MITE	2318
EDTA_TE_00001869_LTR_s_2_inc#LTR/Gypsy	1507
EDTA_TE_00001872_LTR_inc#LTR/Gypsy	97
EDTA_TE_00001873_inc#DNA/MITE	646
EDTA_TE_00001875_s_0_inc#DNA	913
EDTA_TE_00001876_INT_inc#LTR/Gypsy	2654
EDTA_TE_00001878_inc#DNA	1045
EDTA_TE_00001879_INT_inc#LTR/Gypsy	5532
EDTA_TE_00001880_inc#DNA/MITE	455
EDTA_TE_00001882_inc#DNA/MITE	205
EDTA_TE_00001883_inc#DNA/MITE	291
EDTA_TE_00001885_inc#DNA/MITE	563
EDTA_TE_00001886_inc#DNA	1127
EDTA_TE_00001887_inc#DNA/MITE	235
EDTA_TE_00001891_INT_inc#LTR/Gypsy	4283
EDTA_TE_00001894_INT_inc#LTR/Gypsy	2909
EDTA_TE_00001895_INT_inc#LTR/Gypsy	3664
EDTA_TE_00001896_INT_inc#LTR/Gypsy	4243
EDTA_TE_00001900_inc#DNA	2354
EDTA_TE_00001903_inc#DNA	1987
EDTA_TE_00001904_inc#DNA/MITE	460
EDTA_TE_00001906_inc#DNA	1564
EDTA_TE_00001908_inc#DNA/MITE	316
EDTA_TE_00001910_inc#DNA	1308
EDTA_TE_00001911_inc#DNA/MITE	4902
EDTA_TE_00001912_LTR_inc#LTR/Gypsy	908
EDTA_TE_00001913_LTR_inc#LTR	861
EDTA_TE_00001914_INT_inc#LTR/Gypsy	7903
EDTA_TE_00001916_inc#DNA	3329
EDTA_TE_00001918_inc#DNA/MITE	278
EDTA_TE_00001922_inc#DNA	3385
EDTA_TE_00001923_INT_inc#LTR	1210
EDTA_TE_00001926_inc#DNA/MITE	399
EDTA_TE_00001928_inc#DNA	1998
EDTA_TE_00001929_inc#DNA	2229
EDTA_TE_00001930_inc#DNA/MITE	428
EDTA_TE_00001931_inc#DNA/MITE	540
EDTA_TE_00001932_inc#DNA	4940
EDTA_TE_00001934_LTR_inc#LTR/Gypsy	1439
EDTA_TE_00001935_inc#DNA/MITE	167
EDTA_TE_00001937_inc#DNA	11696
EDTA_TE_00001939_inc#DNA/MITE	13258
EDTA_TE_00001950_inc#DNA/MITE	4780
EDTA_TE_00001951_inc#DNA	1053
EDTA_TE_00001953_inc#DNA	2150
EDTA_TE_00001955_inc#DNA/MITE	116
EDTA_TE_00001956_INT_inc#LTR/Gypsy	3287
EDTA_TE_00001960_inc#DNA	2077
EDTA_TE_00001961_inc#DNA/MITE	127
EDTA_TE_00001962_LTR_s_0_inc#LTR/Copia	196
EDTA_TE_00001963_inc#DNA	2576
EDTA_TE_00001966_inc#DNA	4022
EDTA_TE_00001967_INT_inc#LTR/Gypsy	4972
EDTA_TE_00001968_inc#DNA	1845
EDTA_TE_00001970_inc#DNA	2412
EDTA_TE_00001971_INT_inc#LTR/Gypsy	4149
EDTA_TE_00001972_inc#DNA	1603
EDTA_TE_00001973_inc#DNA	1201
EDTA_TE_00001975_inc#DNA	1302
EDTA_TE_00001976_inc#DNA	767
EDTA_TE_00001977_inc#DNA	2395
EDTA_TE_00001978_inc#DNA	2197
EDTA_TE_00001979_INT_inc#LTR/Gypsy	2945
EDTA_TE_00001980_inc#DNA	966
EDTA_TE_00001983_inc#DNA/MITE	257
EDTA_TE_00001984_inc#DNA	3254
EDTA_TE_00001990_inc#DNA	2202
EDTA_TE_00001991_LTR_s_1_inc#LTR/Gypsy	640
EDTA_TE_00001991_LTR_s_2_inc#LTR/Gypsy	751
EDTA_TE_00001992_inc#DNA/MITE	210
EDTA_TE_00001993_LTR_s_1_inc#LTR/Gypsy	1879
EDTA_TE_00001993_LTR_s_2_inc#LTR/Gypsy	4796
EDTA_TE_00001996_inc#DNA	4668
EDTA_TE_00001998_inc#DNA	1967
EDTA_TE_00002001_INT_inc#LTR/Gypsy	6677
EDTA_TE_00002003_inc#DNA	1595
EDTA_TE_00002008_inc#DNA/MITE	166
EDTA_TE_00002011_inc#DNA	3373
EDTA_TE_00002013_inc#DNA	1304
EDTA_TE_00002014_INT_inc#LTR/Gypsy	3695
EDTA_TE_00002018_inc#DNA/MITE	198
EDTA_TE_00002021_inc#DNA/MITE	426
EDTA_TE_00002022_inc#DNA/MITE	341
EDTA_TE_00002024_inc#DNA	1679
EDTA_TE_00002030_inc#DNA	1480
EDTA_TE_00002033_INT_inc#LTR	4949
EDTA_TE_00002036_inc#DNA	3230
EDTA_TE_00002037_LTR_s_1_inc#LTR/Gypsy	11342
EDTA_TE_00002037_LTR_s_0_inc#LTR/Gypsy	545
EDTA_TE_00002041_INT_inc#LTR/Gypsy	6389
EDTA_TE_00002042_inc#DNA	1435
EDTA_TE_00002048_INT_inc#LTR/Gypsy	5623
EDTA_TE_00002049_INT_inc#LTR/Gypsy	8312
EDTA_TE_00002051_INT_inc#LTR/Gypsy	563
EDTA_TE_00002053_inc#DNA	3118
EDTA_TE_00002054_inc#DNA/MITE	149
EDTA_TE_00002055_INT_inc#LTR/Gypsy	4836
EDTA_TE_00002057_inc#DNA/MITE	407
EDTA_TE_00002059_inc#DNA/MITE	431
EDTA_TE_00002067_inc#DNA/MITE	164
EDTA_TE_00002068_inc#DNA/MITE	321
EDTA_TE_00002069_inc#DNA	2153
EDTA_TE_00002071_inc#DNA	691
EDTA_TE_00002073_inc#DNA	1631
EDTA_TE_00002074_inc#DNA	1660
EDTA_TE_00002075_INT_inc#LTR/Gypsy	4218
EDTA_TE_00002076_INT_inc#LTR	1432
EDTA_TE_00002078_inc#DNA	4858
EDTA_TE_00002080_inc#DNA	3862
EDTA_TE_00002083_INT_inc#LTR/Gypsy	5718
EDTA_TE_00002085_inc#RC/Helitron	2425
EDTA_TE_00002088_inc#DNA	1417
EDTA_TE_00002091_inc#DNA/MITE	595
EDTA_TE_00002092_inc#DNA	1276
EDTA_TE_00002093_INT_inc#LTR/Gypsy	2892
EDTA_TE_00002095_INT_inc#LTR/Gypsy	2715
EDTA_TE_00002100_inc#DNA	4355
EDTA_TE_00002104_inc#DNA/MITE	3880
EDTA_TE_00002105_inc#DNA	3198
EDTA_TE_00002106_inc#DNA	1536
EDTA_TE_00002107_INT_inc#LTR	2583
EDTA_TE_00002110_inc#DNA	699
EDTA_TE_00002111_inc#RC/Helitron	517
EDTA_TE_00002112_INT_inc#LTR/Gypsy	10118
EDTA_TE_00002114_inc#DNA/MITE	295
EDTA_TE_00002116_inc#DNA	2788
EDTA_TE_00002117_inc#DNA	887
EDTA_TE_00002118_inc#DNA/MITE	183
EDTA_TE_00002120_inc#DNA/MITE	164
EDTA_TE_00002121_inc#DNA	3539
EDTA_TE_00002122_LTR_s_1_inc#LTR/Gypsy	1109
EDTA_TE_00002122_LTR_s_2_inc#LTR/Gypsy	648
EDTA_TE_00002123_inc#DNA/MITE	111
EDTA_TE_00002125_INT_inc#LTR/Gypsy	6132
EDTA_TE_00002128_LTR_s_1_inc#LTR/Gypsy	750
EDTA_TE_00002128_LTR_s_2_inc#LTR/Gypsy	2240
EDTA_TE_00002130_inc#DNA/MITE	148
EDTA_TE_00002131_INT_inc#LTR/Gypsy	4133
EDTA_TE_00002132_inc#DNA/MITE	434
EDTA_TE_00002134_inc#DNA	1786
EDTA_TE_00002135_inc#DNA	2821
EDTA_TE_00002136_inc#DNA/MITE	365
EDTA_TE_00002138_LTR_s_2_inc#LTR/Gypsy	14578
EDTA_TE_00002139_INT_inc#LTR/Gypsy	4201
EDTA_TE_00002143_inc#DNA	2435
EDTA_TE_00002144_inc#DNA	684
EDTA_TE_00002147_inc#DNA	1665
EDTA_TE_00002148_inc#DNA	2808
EDTA_TE_00002149_INT_inc#LTR/Gypsy	4540
EDTA_TE_00002155_INT_inc#LTR/Gypsy	5175
EDTA_TE_00002158_inc#DNA/MITE	345
EDTA_TE_00002160_LTR_inc#LTR/Gypsy	233
EDTA_TE_00002164_inc#DNA	1849
EDTA_TE_00002168_inc#RC/Helitron	7536
EDTA_TE_00002169_inc#DNA	669
EDTA_TE_00002170_inc#DNA	702
EDTA_TE_00002171_LTR_inc#LTR/Gypsy	532
EDTA_TE_00002174_inc#DNA	3018
EDTA_TE_00002175_inc#DNA	669
EDTA_TE_00002176_LTR_s_0_inc#LTR/Gypsy	206
EDTA_TE_00002179_LTR_inc#LTR/Gypsy	716
EDTA_TE_00002180_inc#DNA/MITE	182
EDTA_TE_00002181_INT_inc#LTR/Gypsy	2236
EDTA_TE_00002182_inc#DNA/MITE	161
EDTA_TE_00002183_inc#DNA	1362
EDTA_TE_00002185_inc#DNA	4113
EDTA_TE_00002186_INT_inc#LTR/Gypsy	939
EDTA_TE_00002187_inc#DNA	8895
EDTA_TE_00002188_LTR_s_0_inc#LTR/Gypsy	364
EDTA_TE_00002189_inc#DNA	594
EDTA_TE_00002190_INT_inc#LTR/Gypsy	6577
EDTA_TE_00002191_LTR_s_1_s_0_inc#LTR	704
EDTA_TE_00002194_LTR_s_2_inc#LTR/Gypsy	992
EDTA_TE_00002194_LTR_s_3_inc#LTR/Gypsy	2113
EDTA_TE_00002194_LTR_s_0_inc#LTR/Gypsy	471
EDTA_TE_00002196_inc#DNA/MITE	190
EDTA_TE_00002197_inc#DNA	1163
EDTA_TE_00002201_inc#DNA/MITE	97
EDTA_TE_00002206_inc#DNA	8849
EDTA_TE_00002208_INT_inc#LTR/Gypsy	4542
EDTA_TE_00002209_inc#DNA	606
EDTA_TE_00002211_inc#DNA	668
EDTA_TE_00002213_inc#DNA	35
EDTA_TE_00002214_inc#DNA	1657
EDTA_TE_00002215_LTR_s_1_inc#LTR/Gypsy	745
EDTA_TE_00002215_LTR_s_2_inc#LTR/Gypsy	752
EDTA_TE_00002222_inc#DNA/MITE	220
EDTA_TE_00002224_INT_inc#LTR/Gypsy	5377
EDTA_TE_00002225_inc#DNA/MITE	196
EDTA_TE_00002226_LTR_s_1_inc#LTR/Gypsy	704
EDTA_TE_00002226_LTR_s_2_inc#LTR/Gypsy	735
EDTA_TE_00002226_LTR_s_0_inc#LTR/Gypsy	230
EDTA_TE_00002229_inc#DNA	1631
EDTA_TE_00002232_inc#DNA	971
EDTA_TE_00002239_inc#DNA	949
EDTA_TE_00002245_INT_inc#LTR	2868
EDTA_TE_00002249_inc#DNA/MITE	164
EDTA_TE_00002251_inc#DNA	1171
EDTA_TE_00002253_inc#DNA	690
EDTA_TE_00002254_inc#DNA/MITE	350
EDTA_TE_00002256_inc#DNA	2183
EDTA_TE_00002257_LTR_inc#LTR/Gypsy	4097
EDTA_TE_00002258_INT_inc#LTR/Gypsy	3474
EDTA_TE_00002262_inc#DNA/MITE	159
EDTA_TE_00002263_inc#DNA	1017
EDTA_TE_00002270_inc#DNA	2124
EDTA_TE_00002272_INT_inc#LTR/Gypsy	5889
EDTA_TE_00002275_inc#DNA	3515
EDTA_TE_00002277_inc#DNA	2453
EDTA_TE_00002279_inc#DNA	3407
EDTA_TE_00002282_inc#DNA	2340
EDTA_TE_00002283_inc#RC/Helitron	482
EDTA_TE_00002288_inc#DNA/MITE	80
EDTA_TE_00002293_INT_inc#LTR/Gypsy	3164
EDTA_TE_00002297_INT_inc#LTR/Gypsy	5290
EDTA_TE_00002299_inc#DNA/MITE	94
EDTA_TE_00002303_inc#DNA/MITE	181
EDTA_TE_00002308_inc#DNA/MITE	444
EDTA_TE_00002309_inc#DNA/MITE	292
EDTA_TE_00002310_inc#DNA	3168
EDTA_TE_00002312_INT_inc#LTR	5480
EDTA_TE_00002315_INT_inc#LTR/Gypsy	6559
EDTA_TE_00002316_inc#DNA	4210
EDTA_TE_00002317_inc#DNA	782
EDTA_TE_00002322_inc#DNA	1370
EDTA_TE_00002326_LTR_s_1_inc#LTR/Gypsy	3770
EDTA_TE_00002326_LTR_s_2_inc#LTR/Gypsy	2656
EDTA_TE_00002327_INT_inc#LTR/Gypsy	5357
EDTA_TE_00002330_inc#DNA	2392
EDTA_TE_00002341_LTR_inc#LTR/Gypsy	270
EDTA_TE_00002343_LTR_s_1_inc#LTR/Gypsy	708
EDTA_TE_00002343_LTR_s_2_inc#LTR/Gypsy	715
EDTA_TE_00002351_LTR_inc#LTR/Gypsy	587
EDTA_TE_00002352_inc#DNA	3200
EDTA_TE_00002355_inc#RC/Helitron	2116
EDTA_TE_00002356_inc#DNA	991
EDTA_TE_00002357_inc#DNA	4805
EDTA_TE_00002360_LTR_inc#LTR/Gypsy	333
EDTA_TE_00002362_INT_inc#LTR	4763
EDTA_TE_00002363_INT_inc#LTR	11845
EDTA_TE_00002365_inc#DNA	686
EDTA_TE_00002366_inc#DNA/MITE	547
EDTA_TE_00002367_LTR_inc#LTR/Copia	223
EDTA_TE_00002371_inc#DNA/MITE	316
EDTA_TE_00002373_LTR_s_2_inc#LTR/Copia	10910
EDTA_TE_00002374_inc#DNA	1199
EDTA_TE_00002375_LTR_s_2_inc#LTR/Gypsy	887
EDTA_TE_00002375_LTR_s_0_inc#LTR/Gypsy	380
EDTA_TE_00002377_inc#DNA/MITE	542
EDTA_TE_00002379_LTR_inc#LTR/Copia	624
EDTA_TE_00002381_LTR_s_1_inc#LTR/Gypsy	669
EDTA_TE_00002381_LTR_s_3_inc#LTR/Gypsy	5879
EDTA_TE_00002383_LTR_inc#LTR/Gypsy	887
EDTA_TE_00002384_inc#DNA/MITE	231
EDTA_TE_00002387_INT_inc#LTR/Gypsy	4913
EDTA_TE_00002393_inc#DNA	3026
EDTA_TE_00002394_inc#DNA	2327
EDTA_TE_00002395_LTR_s_0_inc#LTR/Gypsy	254
EDTA_TE_00002397_INT_inc#LTR/Gypsy	5200
EDTA_TE_00002400_inc#DNA	889
EDTA_TE_00002406_inc#DNA/MITE	91
EDTA_TE_00002410_INT_inc#LTR/Gypsy	5977
EDTA_TE_00002414_inc#DNA	4028
EDTA_TE_00002416_LTR_inc#LTR	1451
EDTA_TE_00002418_inc#DNA	3342
EDTA_TE_00002419_LTR_inc#LTR	149
EDTA_TE_00002422_inc#DNA/MITE	424
EDTA_TE_00002423_inc#DNA	3182
EDTA_TE_00002424_inc#DNA	2701
EDTA_TE_00002426_inc#DNA	3568
EDTA_TE_00002427_inc#DNA	4387
EDTA_TE_00002431_INT_inc#LTR/Gypsy	5597
EDTA_TE_00002435_INT_inc#LTR/Gypsy	5700
EDTA_TE_00002437_inc#DNA/MITE	258
EDTA_TE_00002438_LTR_inc#LTR/Gypsy	1099
EDTA_TE_00002439_INT_inc#LTR/Gypsy	5605
EDTA_TE_00002440_INT_inc#LTR/Gypsy	4706
EDTA_TE_00002444_INT_inc#LTR/Gypsy	8817
EDTA_TE_00002447_inc#DNA	1272
EDTA_TE_00002449_inc#DNA	1400
EDTA_TE_00002450_inc#DNA/MITE	137
EDTA_TE_00002454_inc#DNA	3452
EDTA_TE_00002455_inc#DNA	785
EDTA_TE_00002456_LTR_inc#LTR/Gypsy	125
EDTA_TE_00002458_inc#DNA	3648
EDTA_TE_00002459_inc#DNA	1295
EDTA_TE_00002462_inc#DNA	1199
EDTA_TE_00002464_inc#DNA/MITE	355
EDTA_TE_00002467_inc#DNA/MITE	269
EDTA_TE_00002468_inc#DNA	4450
EDTA_TE_00002470_LTR_s_1_inc#LTR/Gypsy	1579
EDTA_TE_00002470_LTR_s_2_inc#LTR/Gypsy	694
EDTA_TE_00002475_inc#DNA/MITE	1305
EDTA_TE_00002478_inc#DNA	5775
EDTA_TE_00002480_inc#DNA	3084
EDTA_TE_00002481_LTR_inc#LTR/Gypsy	1041
EDTA_TE_00002483_inc#DNA	2241
EDTA_TE_00002484_inc#DNA/MITE	88
EDTA_TE_00002492_inc#DNA	2796
EDTA_TE_00002496_inc#DNA/MITE	126
EDTA_TE_00002497_inc#DNA	2851
EDTA_TE_00002498_INT_inc#LTR/Gypsy	6375
EDTA_TE_00002499_inc#DNA	2739
EDTA_TE_00002502_inc#RC/Helitron	534
EDTA_TE_00002504_inc#DNA/MITE	318
EDTA_TE_00002505_inc#DNA	694
EDTA_TE_00002506_inc#DNA	2919
EDTA_TE_00002512_inc#DNA	1796
EDTA_TE_00002519_inc#DNA/MITE	320
EDTA_TE_00002521_inc#DNA/MITE	98
EDTA_TE_00002522_inc#DNA/MITE	118
EDTA_TE_00002524_INT_inc#LTR/Gypsy	5473
EDTA_TE_00002530_inc#DNA/MITE	159
EDTA_TE_00002532_inc#DNA	697
EDTA_TE_00002541_inc#DNA	966
EDTA_TE_00002542_inc#DNA	3923
EDTA_TE_00002543_inc#DNA/MITE	3142
EDTA_TE_00002545_LTR_s_1_inc#LTR/Gypsy	4372
EDTA_TE_00002545_LTR_s_2_inc#LTR/Gypsy	1428
EDTA_TE_00002546_inc#DNA	3340
EDTA_TE_00002549_inc#DNA/MITE	246
EDTA_TE_00002550_inc#DNA	3896
EDTA_TE_00002551_inc#DNA/MITE	162
EDTA_TE_00002552_LTR_inc#LTR/Gypsy	481
EDTA_TE_00002556_LTR_s_1_inc#LTR/Gypsy	4429
EDTA_TE_00002556_LTR_s_3_inc#LTR/Gypsy	4317
EDTA_TE_00002557_INT_inc#LTR/Gypsy	5465
EDTA_TE_00002558_inc#DNA/MITE	543
EDTA_TE_00002559_inc#DNA/MITE	988
EDTA_TE_00002560_LTR_inc#LTR/Gypsy	1421
EDTA_TE_00002561_inc#DNA/MITE	153
EDTA_TE_00002562_inc#DNA/MITE	155
EDTA_TE_00002569_inc#DNA	646
EDTA_TE_00002570_inc#DNA/MITE	134
EDTA_TE_00002571_inc#DNA	1489
EDTA_TE_00002572_inc#DNA	1646
EDTA_TE_00002573_inc#DNA	2474
EDTA_TE_00002574_inc#DNA	3112
EDTA_TE_00002575_inc#DNA	2618
EDTA_TE_00002577_inc#DNA	845
EDTA_TE_00002578_LTR_inc#LTR/Gypsy	229
EDTA_TE_00002579_inc#DNA	2047
EDTA_TE_00002580_inc#DNA	1065
EDTA_TE_00002584_inc#DNA	3334
EDTA_TE_00002585_INT_inc#LTR/Gypsy	7326
EDTA_TE_00002586_inc#DNA/MITE	133
EDTA_TE_00002587_inc#DNA	1932
EDTA_TE_00002590_inc#DNA/MITE	11150
EDTA_TE_00002594_inc#DNA	2402
EDTA_TE_00002595_INT_inc#LTR/Copia	4155
EDTA_TE_00002598_inc#DNA/MITE	649
EDTA_TE_00002599_inc#DNA	1957
EDTA_TE_00002600_inc#DNA	2447
EDTA_TE_00002604_inc#DNA	1909
EDTA_TE_00002609_inc#DNA	3485
EDTA_TE_00002611_LTR_inc#LTR	1100
EDTA_TE_00002614_inc#DNA	1880
EDTA_TE_00002616_inc#DNA	991
EDTA_TE_00002617_inc#DNA/MITE	201
EDTA_TE_00002624_inc#DNA	1124
EDTA_TE_00002625_inc#DNA	1997
EDTA_TE_00002626_LTR_s_1_inc#LTR/Gypsy	616
EDTA_TE_00002626_LTR_s_2_inc#LTR/Gypsy	4197
EDTA_TE_00002627_inc#DNA/MITE	410
EDTA_TE_00002629_INT_inc#LTR	2028
EDTA_TE_00002631_LTR_inc#LTR/Gypsy	536
EDTA_TE_00002634_inc#DNA/MITE	379
EDTA_TE_00002637_inc#DNA	3069
EDTA_TE_00002639_inc#DNA/MITE	161
EDTA_TE_00002640_INT_inc#LTR	2373
EDTA_TE_00002643_LTR_s_2_inc#LTR/Gypsy	671
EDTA_TE_00002644_inc#DNA	1789
EDTA_TE_00002646_inc#DNA/MITE	413
EDTA_TE_00002653_inc#DNA	8790
EDTA_TE_00002655_INT_inc#LTR/Gypsy	4320
EDTA_TE_00002656_inc#DNA/MITE	461
EDTA_TE_00002659_LTR_inc#LTR/Gypsy	1182
EDTA_TE_00002660_inc#DNA/MITE	300
EDTA_TE_00002664_inc#DNA	2200
EDTA_TE_00002665_inc#DNA/MITE	374
EDTA_TE_00002668_inc#DNA/MITE	197
EDTA_TE_00002669_inc#DNA/MITE	1211
EDTA_TE_00002672_INT_inc#LTR	3260
EDTA_TE_00002674_inc#RC/Helitron	1710
EDTA_TE_00002676_inc#DNA/MITE	390
EDTA_TE_00002677_inc#DNA	832
EDTA_TE_00002680_inc#DNA	650
EDTA_TE_00002681_inc#DNA/MITE	392
EDTA_TE_00002682_inc#DNA	2370
EDTA_TE_00002685_inc#DNA	155
EDTA_TE_00002686_inc#DNA	3170
EDTA_TE_00002687_inc#DNA/MITE	512
EDTA_TE_00002688_inc#DNA	4511
EDTA_TE_00002689_INT_inc#LTR/Gypsy	6022
EDTA_TE_00002690_LTR_inc#LTR/Copia	721
EDTA_TE_00002691_INT_inc#LTR/Gypsy	8256
EDTA_TE_00002695_inc#DNA	663
EDTA_TE_00002697_inc#DNA	1745
EDTA_TE_00002699_LTR_inc#LTR/Gypsy	840
EDTA_TE_00002701_inc#DNA	3810
EDTA_TE_00002702_inc#DNA	1294
EDTA_TE_00002705_inc#DNA	668
EDTA_TE_00002708_inc#DNA	1716
EDTA_TE_00002709_inc#DNA	4725
EDTA_TE_00002710_inc#DNA/MITE	81
EDTA_TE_00002717_inc#DNA	1307
EDTA_TE_00002720_inc#DNA	826
EDTA_TE_00002723_LTR_inc#LTR/Gypsy	498
EDTA_TE_00002725_LTR_s_1_inc#LTR/Gypsy	2835
EDTA_TE_00002725_LTR_s_2_inc#LTR/Gypsy	1811
EDTA_TE_00002726_INT_inc#LTR/Gypsy	3877
EDTA_TE_00002731_inc#DNA/MITE	388
EDTA_TE_00002732_inc#DNA	827
EDTA_TE_00002735_INT_inc#LTR/Gypsy	6191
EDTA_TE_00002736_inc#DNA	1169
EDTA_TE_00002739_INT_s_0_inc#LTR/Gypsy	1726
EDTA_TE_00002741_LTR_s_1_inc#LTR/Gypsy	1063
EDTA_TE_00002741_LTR_s_2_inc#LTR/Gypsy	6654
EDTA_TE_00002743_inc#DNA/MITE	89
EDTA_TE_00002746_LTR_s_0_inc#LTR/Gypsy	246
EDTA_TE_00002747_inc#DNA/MITE	464
RM2_rnd-1_family-11#LINE	3347
RM2_rnd-1_family-87#DNA/MITE	335
RM2_rnd-1_family-50#DNA/MITE	696
RM2_rnd-1_family-57#LTR	712
RM2_rnd-1_family-13#DNA	213
RM2_rnd-1_family-30#RC/Helitron	648
RM2_rnd-1_family-24#DNA/MITE	207
RM2_rnd-1_family-18#DNA	174
RM2_rnd-1_family-31#DNA/MITE	230
RM2_rnd-1_family-35#DNA	347
RM2_rnd-1_family-86_s_0#DNA	330
RM2_rnd-1_family-85#RC/Helitron	3012
RM2_rnd-1_family-74#LINE	1105
RM2_rnd-1_family-80#DNA/MITE	150
RM2_rnd-1_family-56#DNA	1290
RM2_rnd-1_family-67#LTR	2539
RM2_rnd-1_family-21#RC/Helitron	255
RM2_rnd-1_family-52#LINE	581
RM2_rnd-1_family-100#LTR	282
RM2_rnd-1_family-69#DNA/MITE	200
RM2_rnd-1_family-92#LINE	604
RM2_rnd-1_family-43#DNA	132
RM2_rnd-1_family-99_s_0#DNA/MITE	532
RM2_rnd-1_family-66_s_1_s_1#LINE	3940
RM2_rnd-1_family-66_s_2_s_1#LINE	4086
RM2_rnd-1_family-66_s_0#LINE	719
RM2_rnd-1_family-112#RC/Helitron	269
RM2_rnd-1_family-113_s_2_s_1#LTR	1903
RM2_rnd-1_family-113_s_2_s_2#LTR	2178
RM2_rnd-1_family-114#DNA	624
RM2_rnd-1_family-89#DNA	286
RM2_rnd-1_family-116_s_0#LINE	706
RM2_rnd-1_family-123#RC/Helitron	582
RM2_rnd-1_family-129#DNA/MITE	284
RM2_rnd-1_family-132#DNA	437
RM2_rnd-1_family-134#DNA	566
RM2_rnd-1_family-136#DNA/MITE	390
RM2_rnd-1_family-138#DNA	1341
RM2_rnd-1_family-151#LINE	626
RM2_rnd-1_family-153_s_0#LINE	809
RM2_rnd-1_family-157_s_1#DNA	629
RM2_rnd-1_family-157_s_2#DNA	736
RM2_rnd-1_family-157_s_0#DNA	265
RM2_rnd-1_family-163#DNA	692
RM2_rnd-1_family-165#LINE	765
RM2_rnd-1_family-169_s_0#DNA/MITE	109
RM2_rnd-1_family-179_s_1_s_0#LINE	888
RM2_rnd-1_family-179_s_0#LINE	382
RM2_rnd-1_family-197_s_2_s_1#DNA	5190
RM2_rnd-1_family-197_s_0#DNA	72
RM2_rnd-1_family-198_s_0_s_1#LINE	4244
RM2_rnd-1_family-145_s_1#LINE	750
RM2_rnd-1_family-202#DNA/MITE	117
RM2_rnd-1_family-204#DNA	345
RM2_rnd-1_family-227_s_2#LTR	3714
RM2_rnd-1_family-233#DNA	597
RM2_rnd-1_family-235_s_0#LINE	156
RM2_rnd-1_family-238#DNA/MITE	477
RM2_rnd-1_family-256_s_0#LINE	750
RM2_rnd-1_family-268#DNA	337
RM2_rnd-1_family-278_s_1_s_2#LTR	5323
RM2_rnd-1_family-278_s_3_s_2#DNA	1409
RM2_rnd-1_family-291#LTR	610
RM2_rnd-1_family-292#DNA	546
RM2_rnd-1_family-297#DNA	276
RM2_rnd-1_family-302_s_0#LTR	402
RM2_rnd-1_family-304#LINE	2210
RM2_rnd-1_family-308#DNA	447
RM2_rnd-1_family-318_s_1#DNA	652
RM2_rnd-1_family-318_s_2#DNA	674
RM2_rnd-1_family-322#DNA	295
RM2_rnd-1_family-323_s_0#LINE	740
RM2_rnd-1_family-335#DNA	457
RM2_rnd-1_family-341_s_2_s_2#LINE	3546
RM2_rnd-1_family-342#LTR	1854
RM2_rnd-1_family-345#DNA	486
RM2_rnd-1_family-356#DNA	364
RM2_rnd-1_family-362#LINE	2708
RM2_rnd-1_family-368#LTR	327
RM2_rnd-1_family-372#DNA	722
RM2_rnd-1_family-374#DNA	542
RM2_rnd-1_family-389_s_3_s_2#LINE	5558
RM2_rnd-1_family-389_s_0#LINE	814
RM2_rnd-1_family-391_s_2_s_2#LINE	3533
RM2_rnd-1_family-391_s_0#LINE	928
RM2_rnd-1_family-393_s_1#RC/Helitron	574
RM2_rnd-1_family-399#LINE	2341
RM2_rnd-1_family-404#DNA	1313
RM2_rnd-1_family-416_s_1#DNA	11667
RM2_rnd-1_family-416_s_0#RC/Helitron	2589
RM2_rnd-1_family-423#LTR	593
RM2_rnd-1_family-426_s_2#LINE	2557
RM2_rnd-1_family-429#DNA	1331
RM2_rnd-1_family-434_s_0#DNA	503
RM2_rnd-1_family-435#LTR	595
RM2_rnd-1_family-438#RC/Helitron	653
RM2_rnd-1_family-439_s_2#DNA/MITE	1510
RM2_rnd-1_family-439_s_0#DNA	1150
RM2_rnd-1_family-451#LTR	340
RM2_rnd-1_family-452#DNA	433
RM2_rnd-1_family-454#RC/Helitron	1306
RM2_rnd-1_family-455#DNA/MITE	364
RM2_rnd-1_family-466_s_1_s_1#LINE	3661
RM2_rnd-1_family-466_s_1_s_2#LINE	3556
RM2_rnd-1_family-468#DNA	1732
RM2_rnd-1_family-472#LINE	659
RM2_rnd-1_family-473#LTR	947
RM2_rnd-1_family-475#RC/Helitron	1274
RM2_rnd-1_family-486#DNA	2905
RM2_rnd-1_family-499#DNA	712
RM2_rnd-1_family-511#DNA	255
RM2_rnd-1_family-522#LINE	788
RM2_rnd-1_family-531_s_2#LINE	754
RM2_rnd-1_family-535#LINE	7018
RM2_rnd-1_family-538#RC/Helitron	1332
RM2_rnd-1_family-539#LINE	787
RM2_rnd-1_family-541#DNA	1517
RM2_rnd-1_family-552#LINE	902
RM2_rnd-1_family-556#DNA/MITE	151
RM2_rnd-1_family-560#LINE	1234
RM2_rnd-1_family-562#DNA	765
RM2_rnd-1_family-563#LINE	1953
RM2_rnd-3_family-1329#LINE	730
RM2_rnd-3_family-297_s_0#DNA	307
RM2_rnd-4_family-1935#DNA/MITE	506
RM2_rnd-4_family-747_s_1#LTR	5306
RM2_rnd-4_family-655#DNA/MITE	465
RM2_rnd-4_family-4564#DNA	595
RM2_rnd-4_family-1015#LINE	5693
RM2_rnd-4_family-4057#DNA/MITE	178
RM2_rnd-4_family-8007#LTR	292
RM2_rnd-4_family-2807#DNA	1351
RM2_rnd-4_family-402#DNA/MITE	970
RM2_rnd-4_family-2183#LINE	859
RM2_rnd-4_family-898#DNA/MITE	1029
RM2_rnd-4_family-4025#DNA/MITE	212
RM2_rnd-4_family-89_s_1#LTR	4872
RM2_rnd-4_family-89_s_0#LTR	335
RM2_rnd-4_family-706#DNA/MITE	1549
RM2_rnd-4_family-1101#LINE	1004
RM2_rnd-4_family-241#LINE	633
RM2_rnd-4_family-2360#DNA	536
RM2_rnd-4_family-6720#DNA	1005
RM2_rnd-4_family-729_s_2#RC/Helitron	2723
RM2_rnd-5_family-127#DNA	1118
RM2_rnd-5_family-2359#LINE	755
RM2_rnd-5_family-1209#DNA/MITE	2103
RM2_rnd-5_family-7526_s_0#LTR	352
RM2_rnd-5_family-244#DNA/MITE	628
RM2_rnd-5_family-3317_s_2#DNA	995
RM2_rnd-5_family-2466_s_2#DNA	533
RM2_rnd-5_family-2466_s_0#DNA	280
RM2_rnd-5_family-8345_s_2#LTR	992
RM2_rnd-5_family-8345_s_0#LTR	498
RM2_rnd-5_family-574#DNA	843
RM2_rnd-5_family-7814_s_1#LTR	344
RM2_rnd-5_family-7814_s_2#LTR	811
RM2_rnd-5_family-7814_s_0#LTR	363
RM2_rnd-5_family-124_s_2_s_1_s_1#DNA	5446
RM2_rnd-5_family-367#DNA	691
RM2_rnd-5_family-1891#LINE	5266
RM2_rnd-5_family-24164_s_2#LTR	261
RM2_rnd-5_family-1699#DNA	1009
RM2_rnd-5_family-19246#DNA/MITE	3623
RM2_rnd-5_family-21392#LINE	1071
RM2_rnd-5_family-313_s_2#LINE	954
RM2_rnd-5_family-313_s_0#LINE	597
RM2_rnd-5_family-4772#LTR	131
RM2_rnd-5_family-20781#DNA	403
RM2_rnd-5_family-7699_s_1_s_1#LINE	2595
RM2_rnd-5_family-7699_s_2_s_1#LINE	5226
RM2_rnd-5_family-7699_s_3_s_1#LTR	2461
RM2_rnd-5_family-1886#LTR	2759
RM2_rnd-5_family-3079#LINE	539
RM2_rnd-5_family-3818_s_2#LTR	2116
RM2_rnd-5_family-7559#LTR	220
RM2_rnd-5_family-2050#LINE	1167
RM2_rnd-5_family-3344#DNA/MITE	645
RM2_rnd-5_family-4523_s_1#LTR	679
RM2_rnd-5_family-4523_s_2#LTR	209
RM2_rnd-5_family-14420_s_0#LTR	270
RM2_rnd-5_family-1742_s_0#LTR	282
RM2_rnd-5_family-2059_s_2#LINE	4588
RM2_rnd-5_family-13737#LTR	5900
RM2_rnd-5_family-10876#DNA/MITE	512
RM2_rnd-5_family-2934_s_2#LTR	3458
RM2_rnd-5_family-3656#LTR	3627
RM2_rnd-5_family-2426#LINE	5621
RM2_rnd-5_family-6580#LINE	739
RM2_rnd-5_family-23209#LTR	6266
RM2_rnd-5_family-6657_s_1_s_2#LINE	3511
RM2_rnd-5_family-10036#DNA/MITE	13288
RM2_rnd-5_family-36629_s_1#LTR	2055
RM2_rnd-5_family-36629_s_2#LTR	2231
RM2_rnd-5_family-5960_s_1#LTR	4466
RM2_rnd-5_family-11373_s_1#LINE	1406
RM2_rnd-5_family-11373_s_2#LINE	1426
RM2_rnd-5_family-16230#DNA	1331
RM2_rnd-5_family-3070#LTR	3260
RM2_rnd-1_family-76#DNA	1298
RM2_rnd-1_family-14#ClassI/Unclassified	5571
RM2_rnd-1_family-33#LTR	1243
RM2_rnd-1_family-51_unconfirmed#DNA	909
RM2_rnd-1_family-84_unconfirmed#DNA	520
RM2_rnd-1_family-105_unconfirmed#DNA	411
RM2_rnd-1_family-61_unconfirmed#DNA	439
RM2_rnd-1_family-75_s_3#LINE	5139
RM2_rnd-1_family-99_s_2_unconfirmed#LTR	1059
RM2_rnd-1_family-111_unconfirmed#LTR	4195
RM2_rnd-1_family-127#DNA	1326
RM2_rnd-1_family-139_unconfirmed#DNA	216
RM2_rnd-1_family-149_s_1_unconfirmed#LTR	2371
RM2_rnd-1_family-150_unconfirmed#LTR	618
RM2_rnd-1_family-176_unconfirmed#DNA	254
RM2_rnd-1_family-195_s_2_unconfirmed#DNA	543
RM2_rnd-1_family-215_unconfirmed#DNA	1649
RM2_rnd-1_family-217_s_1_unconfirmed#LTR	392
RM2_rnd-1_family-218_unconfirmed#DNA	485
RM2_rnd-1_family-230#ClassI/Unclassified	5169
RM2_rnd-1_family-234_unconfirmed#DNA	546
RM2_rnd-1_family-259_s_1_s_1_s_1#LINE	4988
RM2_rnd-1_family-265_unconfirmed#DNA	253
RM2_rnd-1_family-276_unconfirmed#DNA	139
RM2_rnd-1_family-277#LTR	11922
RM2_rnd-1_family-279_unconfirmed#DNA	914
RM2_rnd-1_family-289_unconfirmed#DNA	1506
RM2_rnd-1_family-316_s_2_unconfirmed#DNA	604
RM2_rnd-1_family-347_unconfirmed#LTR	549
RM2_rnd-1_family-352_s_2_s_1#LINE	4858
RM2_rnd-1_family-383_unconfirmed#LTR	581
RM2_rnd-1_family-385_unconfirmed#LTR	2770
RM2_rnd-1_family-396_unconfirmed#DNA	309
RM2_rnd-1_family-397_unconfirmed#DNA	290
RM2_rnd-1_family-417_s_0_unconfirmed#DNA	1234
RM2_rnd-1_family-418_unconfirmed#DNA	1253
RM2_rnd-1_family-436_unconfirmed#DNA	760
RM2_rnd-1_family-465_unconfirmed#LTR	392
RM2_rnd-1_family-496_unconfirmed#DNA	1721
RM2_rnd-1_family-490#LINE	5255
RM2_rnd-1_family-523#LTR	4105
RM2_rnd-1_family-526_unconfirmed#DNA	775
RM2_rnd-1_family-548_unconfirmed#LTR	5406
RM2_rnd-3_family-729_unconfirmed#DNA	676
RM2_rnd-3_family-497_unconfirmed#LTR	4311
RM2_rnd-3_family-641_unconfirmed#LTR	1155
RM2_rnd-3_family-170_unconfirmed#DNA	312
RM2_rnd-3_family-2829_unconfirmed#DNA	323
RM2_rnd-3_family-3064_unconfirmed#DNA	263
RM2_rnd-3_family-1402_unconfirmed#DNA	677
RM2_rnd-3_family-905#LINE	3556
RM2_rnd-4_family-151#LINE	4337
RM2_rnd-4_family-621_unconfirmed#DNA	528
RM2_rnd-4_family-220#LINE	4938
RM2_rnd-4_family-34_unconfirmed#DNA	633
RM2_rnd-4_family-1574#ClassI/Unclassified	2933
RM2_rnd-4_family-2138_unconfirmed#DNA	728
RM2_rnd-4_family-2400_unconfirmed#LTR	897
RM2_rnd-4_family-31#DNA	1344
RM2_rnd-4_family-343_unconfirmed#LTR	629
RM2_rnd-4_family-1996_unconfirmed#DNA	585
RM2_rnd-4_family-6532_unconfirmed#DNA	356
RM2_rnd-4_family-1827#DNA	1673
RM2_rnd-4_family-1498#ClassI/Unclassified	2700
RM2_rnd-4_family-2323_s_1_unconfirmed#DNA	1054
RM2_rnd-4_family-180_unconfirmed#DNA	289
RM2_rnd-4_family-471_unconfirmed#DNA	61
RM2_rnd-4_family-5602#LINE	3200
RM2_rnd-4_family-2619#LINE	4304
RM2_rnd-4_family-761_unconfirmed#DNA	338
RM2_rnd-4_family-5446_unconfirmed#DNA	1330
RM2_rnd-4_family-665_unconfirmed#DNA	761
RM2_rnd-4_family-1022#LINE	479
RM2_rnd-4_family-2834#ClassI/Unclassified	3293
RM2_rnd-4_family-849_unconfirmed#LTR	5535
RM2_rnd-4_family-1011_unconfirmed#DNA	2292
RM2_rnd-4_family-9062_unconfirmed#LTR	504
RM2_rnd-4_family-3212_unconfirmed#LTR	759
RM2_rnd-4_family-1047#LINE	2971
RM2_rnd-4_family-1379#LINE	3762
RM2_rnd-4_family-2292_unconfirmed#DNA	4513
RM2_rnd-4_family-313_s_1_s_1#ClassI/Unclassified	4746
RM2_rnd-4_family-664_unconfirmed#DNA	597
RM2_rnd-4_family-2276#LINE	3225
RM2_rnd-4_family-3850#LINE	4104
RM2_rnd-4_family-953#LINE	3044
RM2_rnd-4_family-147_unconfirmed#DNA	339
RM2_rnd-4_family-1580#ClassI/Unclassified	2838
RM2_rnd-4_family-1581#ClassI/Unclassified	2262
RM2_rnd-4_family-2945#DNA	1616
RM2_rnd-4_family-5285#ClassI/Unclassified	1316
RM2_rnd-4_family-3241_unconfirmed#LTR	5858
RM2_rnd-4_family-5645_unconfirmed#DNA	623
RM2_rnd-4_family-2401_unconfirmed#DNA	725
RM2_rnd-4_family-4993#ClassI/Unclassified	1712
RM2_rnd-4_family-1166_unconfirmed#LTR	2157
RM2_rnd-4_family-1806#ClassI/Unclassified	3886
RM2_rnd-4_family-2537_unconfirmed#DNA	4067
RM2_rnd-4_family-4806_unconfirmed#DNA	3276
RM2_rnd-4_family-711#ClassI/Unclassified	5386
RM2_rnd-4_family-729_s_1_unconfirmed#LTR	8629
RM2_rnd-4_family-7625#LTR	8829
RM2_rnd-4_family-2997#ClassI/Unclassified	4154
RM2_rnd-5_family-2453_unconfirmed#DNA	651
RM2_rnd-5_family-5135_unconfirmed#DNA	364
RM2_rnd-5_family-7545#LTR	13063
RM2_rnd-5_family-14213_unconfirmed#DNA	244
RM2_rnd-5_family-3007#ClassI/Unclassified	3317
RM2_rnd-5_family-6872#LTR	2717
RM2_rnd-5_family-1100#LINE	3915
RM2_rnd-5_family-3690#ClassI/Unclassified	1865
RM2_rnd-5_family-577_unconfirmed#DNA	5196
RM2_rnd-5_family-169_unconfirmed#DNA	944
RM2_rnd-5_family-4274_unconfirmed#LTR	586
RM2_rnd-5_family-7166_s_1#LINE	8005
RM2_rnd-5_family-7166_s_2_unconfirmed#DNA	157
RM2_rnd-5_family-6506#ClassI/Unclassified	5835
RM2_rnd-5_family-11514#LINE	3160
RM2_rnd-5_family-2608_unconfirmed#DNA	273
RM2_rnd-5_family-14_unconfirmed#LTR	2407
RM2_rnd-5_family-657#LINE	3200
RM2_rnd-5_family-14843#RC/Helitron	853
RM2_rnd-5_family-3295#DNA	1562
RM2_rnd-5_family-24164_s_1#LTR	1380
RM2_rnd-5_family-1432#ClassI/Unclassified	4223
RM2_rnd-5_family-5838#LTR	3264
RM2_rnd-5_family-6252#ClassI/Unclassified	1874
RM2_rnd-5_family-12384_unconfirmed#DNA	1146
RM2_rnd-5_family-2936_unconfirmed#DNA	4620
RM2_rnd-5_family-5498#LINE	3078
RM2_rnd-5_family-6531#LINE	4108
RM2_rnd-5_family-8927_unconfirmed#DNA	1120
RM2_rnd-5_family-1807#LINE	5242
RM2_rnd-5_family-529_unconfirmed#DNA	2824
RM2_rnd-5_family-2287#LINE	5019
RM2_rnd-5_family-2836_unconfirmed#LTR	2125
RM2_rnd-5_family-3043_unconfirmed#DNA	175
RM2_rnd-5_family-1647#ClassI/Unclassified	4066
RM2_rnd-5_family-3203#ClassI/Unclassified	3709
RM2_rnd-5_family-8293_unconfirmed#LTR	3551
RM2_rnd-5_family-2150#LINE	2914
RM2_rnd-5_family-5244_unconfirmed#DNA	886
RM2_rnd-5_family-822#LINE	3354
RM2_rnd-5_family-12767_unconfirmed#LTR	4269
RM2_rnd-5_family-2530#ClassI/Unclassified	1718
RM2_rnd-5_family-5751#ClassI/Unclassified	2594
RM2_rnd-5_family-9048_unconfirmed#LTR	2101
RM2_rnd-5_family-9181#ClassI/Unclassified	2403
RM2_rnd-5_family-9412_unconfirmed#LTR	8364
RM2_rnd-5_family-5880_unconfirmed#DNA	373
RM2_rnd-5_family-10350_unconfirmed#DNA	1112
RM2_rnd-5_family-13049_unconfirmed#LTR	2357
RM2_rnd-5_family-1929#LINE	4542
RM2_rnd-5_family-3113_unconfirmed#DNA	3004
RM2_rnd-5_family-4_unconfirmed#LTR	5476
RM2_rnd-5_family-4209_unconfirmed#DNA	339
RM2_rnd-5_family-6995_unconfirmed#DNA	5422
RM2_rnd-5_family-1227_unconfirmed#DNA	1668
RM2_rnd-5_family-17370_unconfirmed#DNA	737
RM2_rnd-5_family-1742_s_1#LTR	3821
RM2_rnd-5_family-5108#DNA	1074
RM2_rnd-5_family-5734_unconfirmed#DNA	619
RM2_rnd-5_family-1210_s_1#LINE	3381
RM2_rnd-5_family-685#LINE	3640
RM2_rnd-5_family-11492#ClassI/Unclassified	2675
RM2_rnd-5_family-12636_unconfirmed#LTR	7450
RM2_rnd-5_family-2499#ClassI/Unclassified	2136
RM2_rnd-5_family-2629#DNA	10515
RM2_rnd-5_family-4698#ClassI/Unclassified	1918
RM2_rnd-5_family-5231_unconfirmed#DNA	2351
RM2_rnd-5_family-6647#ClassI/Unclassified	4715
RM2_rnd-5_family-7093_unconfirmed#DNA	420
RM2_rnd-5_family-1636#LINE	3685
RM2_rnd-5_family-20395_s_1_s_1_s_1#LINE	3419
RM2_rnd-5_family-20395_s_1_s_1_s_2#LINE	5533
RM2_rnd-5_family-2756_unconfirmed#DNA	559
RM2_rnd-5_family-340#LTR	6205
RM2_rnd-5_family-4577#DNA	4631
RM2_rnd-5_family-5486#ClassI/Unclassified	7152
RM2_rnd-5_family-10740_unconfirmed#DNA	513
RM2_rnd-5_family-11019#LINE	4635
RM2_rnd-5_family-14753_unconfirmed#DNA	255
RM2_rnd-5_family-22834_unconfirmed#DNA	15523
RM2_rnd-5_family-34873_unconfirmed#DNA	230
RM2_rnd-5_family-8764#LINE	3787
RM2_rnd-5_family-8804#ClassI/Unclassified	1698
RM2_rnd-5_family-24380_unconfirmed#DNA	896
RM2_rnd-5_family-4888#ClassI/Unclassified	17109
RM2_rnd-5_family-5923#ClassI/Unclassified	2312
RM2_rnd-5_family-6101#ClassI/Unclassified	2329
RM2_rnd-5_family-10094#LINE	4660
RM2_rnd-5_family-1410#LINE	7309
RM2_rnd-5_family-1535#LTR	5206
RM2_rnd-5_family-15544#ClassI/Unclassified	1224
RM2_rnd-5_family-15788_unconfirmed#LTR	478
RM2_rnd-5_family-17934#LTR	5939
RM2_rnd-5_family-1926#ClassI/Unclassified	10221
RM2_rnd-5_family-26336#ClassI/Unclassified	1532
RM2_rnd-5_family-4565_unconfirmed#LTR	1428
RM2_rnd-5_family-6665#LINE	3200
RM2_rnd-5_family-6998#DNA	3749
RM2_rnd-5_family-11570#ClassI/Unclassified	5034
RM2_rnd-5_family-12683_unconfirmed#DNA	4283
RM2_rnd-5_family-446_unconfirmed#LTR	337
RM2_rnd-5_family-585#LINE	3228
RM2_rnd-5_family-6915#ClassI/Unclassified	2634
RM2_rnd-5_family-842#LTR	6729
RM2_rnd-5_family-6648#ClassI/Unclassified	2000
